measurement_id,segment_idx,start_time,end_time,state,binary_label,multiclass_label,phase,load_condition,experiment
short_circuit_1,0,2.00024,4.4,short_circuit,1,short_circuit,1,100,experiment_2
short_circuit_1,1,2.00504,4.4048,short_circuit,1,short_circuit,1,100,experiment_2
short_circuit_1,2,2.00984,4.4096,short_circuit,1,short_circuit,1,100,experiment_2
short_circuit_1,3,2.01464,4.4144,short_circuit,1,short_circuit,1,100,experiment_2
short_circuit_1,4,2.01944,4.4192,short_circuit,1,short_circuit,1,100,experiment_2
short_circuit_1,5,2.02424,4.424,short_circuit,1,short_circuit,1,100,experiment_2
short_circuit_1,6,2.02904,4.4288,short_circuit,1,short_circuit,1,100,experiment_2
short_circuit_1,7,2.03384,4.4336,short_circuit,1,short_circuit,1,100,experiment_2
short_circuit_1,8,2.03864,4.4384,short_circuit,1,short_circuit,1,100,experiment_2
short_circuit_1,9,2.04344,4.4432,short_circuit,1,short_circuit,1,100,experiment_2
short_circuit_1,10,2.04824,4.448,short_circuit,1,short_circuit,1,100,experiment_2
short_circuit_1,11,2.05304,4.4528,short_circuit,1,short_circuit,1,100,experiment_2
short_circuit_1,12,2.05784,4.4576,short_circuit,1,short_circuit,1,100,experiment_2
short_circuit_1,13,2.06264,4.4624,short_circuit,1,short_circuit,1,100,experiment_2
short_circuit_1,14,2.06744,4.4672,short_circuit,1,short_circuit,1,100,experiment_2
short_circuit_1,15,2.07224,4.472,short_circuit,1,short_circuit,1,100,experiment_2
short_circuit_1,16,2.07704,4.4768,short_circuit,1,short_circuit,1,100,experiment_2
short_circuit_1,17,2.08184,4.4816,short_circuit,1,short_circuit,1,100,experiment_2
short_circuit_1,18,2.08664,4.4864,short_circuit,1,short_circuit,1,100,experiment_2
short_circuit_1,19,2.09144,4.4912,short_circuit,1,short_circuit,1,100,experiment_2
short_circuit_1,20,2.09624,4.496,short_circuit,1,short_circuit,1,100,experiment_2
short_circuit_1,21,2.10104,4.5008,short_circuit,1,short_circuit,1,100,experiment_2
short_circuit_1,22,2.10584,4.5056,short_circuit,1,short_circuit,1,100,experiment_2
short_circuit_1,23,2.11064,4.5104,short_circuit,1,short_circuit,1,100,experiment_2
short_circuit_1,24,2.11544,4.5152,short_circuit,1,short_circuit,1,100,experiment_2
short_circuit_1,25,2.12024,4.52,short_circuit,1,short_circuit,1,100,experiment_2
short_circuit_1,26,2.12504,4.5248,short_circuit,1,short_circuit,1,100,experiment_2
short_circuit_1,27,2.12984,4.5296,short_circuit,1,short_circuit,1,100,experiment_2
short_circuit_1,28,2.13464,4.5344,short_circuit,1,short_circuit,1,100,experiment_2
short_circuit_1,29,2.13944,4.5392,short_circuit,1,short_circuit,1,100,experiment_2
short_circuit_1,30,2.14424,4.544,short_circuit,1,short_circuit,1,100,experiment_2
short_circuit_1,31,2.14904,4.5488,short_circuit,1,short_circuit,1,100,experiment_2
short_circuit_1,32,2.15384,4.5536,short_circuit,1,short_circuit,1,100,experiment_2
short_circuit_1,33,2.15864,4.5584,short_circuit,1,short_circuit,1,100,experiment_2
short_circuit_1,34,2.16344,4.5632,short_circuit,1,short_circuit,1,100,experiment_2
short_circuit_1,35,2.16824,4.568,short_circuit,1,short_circuit,1,100,experiment_2
short_circuit_1,36,2.17304,4.5728,short_circuit,1,short_circuit,1,100,experiment_2
short_circuit_1,37,2.17784,4.5776,short_circuit,1,short_circuit,1,100,experiment_2
short_circuit_1,38,2.18264,4.5824,short_circuit,1,short_circuit,1,100,experiment_2
short_circuit_1,39,2.18744,4.5872,short_circuit,1,short_circuit,1,100,experiment_2
short_circuit_1,40,2.19224,4.592,short_circuit,1,short_circuit,1,100,experiment_2
short_circuit_1,41,2.19704,4.5968,short_circuit,1,short_circuit,1,100,experiment_2
short_circuit_1,42,2.20184,4.6016,short_circuit,1,short_circuit,1,100,experiment_2
short_circuit_1,43,2.20664,4.6064,short_circuit,1,short_circuit,1,100,experiment_2
short_circuit_1,44,2.21144,4.6112,short_circuit,1,short_circuit,1,100,experiment_2
short_circuit_1,45,2.21624,4.616,short_circuit,1,short_circuit,1,100,experiment_2
short_circuit_1,46,2.22104,4.6208,short_circuit,1,short_circuit,1,100,experiment_2
short_circuit_1,47,2.22584,4.6256,short_circuit,1,short_circuit,1,100,experiment_2
short_circuit_1,48,2.23064,4.6304,short_circuit,1,short_circuit,1,100,experiment_2
short_circuit_1,49,2.23544,4.6352,short_circuit,1,short_circuit,1,100,experiment_2
short_circuit_1,50,2.24024,4.64,short_circuit,1,short_circuit,1,100,experiment_2
short_circuit_1,51,2.24504,4.6448,short_circuit,1,short_circuit,1,100,experiment_2
short_circuit_1,52,2.24984,4.6496,short_circuit,1,short_circuit,1,100,experiment_2
short_circuit_1,53,2.25464,4.6544,short_circuit,1,short_circuit,1,100,experiment_2
short_circuit_1,54,2.25944,4.6592,short_circuit,1,short_circuit,1,100,experiment_2
short_circuit_1,55,2.26424,4.664,short_circuit,1,short_circuit,1,100,experiment_2
short_circuit_1,56,2.26904,4.6688,short_circuit,1,short_circuit,1,100,experiment_2
short_circuit_1,57,2.27384,4.6736,short_circuit,1,short_circuit,1,100,experiment_2
short_circuit_1,58,2.27864,4.6784,short_circuit,1,short_circuit,1,100,experiment_2
short_circuit_1,59,2.28344,4.6832,short_circuit,1,short_circuit,1,100,experiment_2
short_circuit_1,60,2.28824,4.688,short_circuit,1,short_circuit,1,100,experiment_2
short_circuit_1,61,2.29304,4.6928,short_circuit,1,short_circuit,1,100,experiment_2
short_circuit_1,62,2.29784,4.6976,short_circuit,1,short_circuit,1,100,experiment_2
short_circuit_1,63,2.30264,4.7024,short_circuit,1,short_circuit,1,100,experiment_2
short_circuit_1,64,2.30744,4.7072,short_circuit,1,short_circuit,1,100,experiment_2
short_circuit_1,65,2.31224,4.712,short_circuit,1,short_circuit,1,100,experiment_2
short_circuit_1,66,2.31704,4.7168,short_circuit,1,short_circuit,1,100,experiment_2
short_circuit_1,67,2.32184,4.7216,short_circuit,1,short_circuit,1,100,experiment_2
short_circuit_1,68,2.32664,4.7264,short_circuit,1,short_circuit,1,100,experiment_2
short_circuit_1,69,2.33144,4.7312,short_circuit,1,short_circuit,1,100,experiment_2
short_circuit_1,70,2.33624,4.736,short_circuit,1,short_circuit,1,100,experiment_2
short_circuit_1,71,2.34104,4.7408,short_circuit,1,short_circuit,1,100,experiment_2
short_circuit_1,72,2.34584,4.7456,short_circuit,1,short_circuit,1,100,experiment_2
short_circuit_1,73,2.35064,4.7504,short_circuit,1,short_circuit,1,100,experiment_2
short_circuit_1,74,2.35544,4.7552,short_circuit,1,short_circuit,1,100,experiment_2
short_circuit_1,75,2.36024,4.76,short_circuit,1,short_circuit,1,100,experiment_2
short_circuit_1,76,2.36504,4.7648,short_circuit,1,short_circuit,1,100,experiment_2
short_circuit_1,77,2.36984,4.7696,short_circuit,1,short_circuit,1,100,experiment_2
short_circuit_1,78,2.37464,4.7744,short_circuit,1,short_circuit,1,100,experiment_2
short_circuit_1,79,2.37944,4.7792,short_circuit,1,short_circuit,1,100,experiment_2
short_circuit_1,80,2.38424,4.784,short_circuit,1,short_circuit,1,100,experiment_2
short_circuit_1,81,2.38904,4.7888,short_circuit,1,short_circuit,1,100,experiment_2
short_circuit_1,82,2.39384,4.7936,short_circuit,1,short_circuit,1,100,experiment_2
short_circuit_1,83,2.39864,4.7984,short_circuit,1,short_circuit,1,100,experiment_2
short_circuit_1,84,2.40344,4.8032,short_circuit,1,short_circuit,1,100,experiment_2
short_circuit_1,85,2.40824,4.808,short_circuit,1,short_circuit,1,100,experiment_2
short_circuit_1,86,2.41304,4.8128,short_circuit,1,short_circuit,1,100,experiment_2
short_circuit_1,87,2.41784,4.8176,short_circuit,1,short_circuit,1,100,experiment_2
short_circuit_1,88,2.42264,4.8224,short_circuit,1,short_circuit,1,100,experiment_2
short_circuit_1,89,2.42744,4.8272,short_circuit,1,short_circuit,1,100,experiment_2
short_circuit_1,90,2.43224,4.832,short_circuit,1,short_circuit,1,100,experiment_2
short_circuit_1,91,2.43704,4.8368,short_circuit,1,short_circuit,1,100,experiment_2
short_circuit_1,92,2.44184,4.8416,short_circuit,1,short_circuit,1,100,experiment_2
short_circuit_1,93,2.44664,4.8464,short_circuit,1,short_circuit,1,100,experiment_2
short_circuit_1,94,2.45144,4.8512,short_circuit,1,short_circuit,1,100,experiment_2
short_circuit_1,95,2.45624,4.856,short_circuit,1,short_circuit,1,100,experiment_2
short_circuit_1,96,2.46104,4.8608,short_circuit,1,short_circuit,1,100,experiment_2
short_circuit_1,97,2.46584,4.8656,short_circuit,1,short_circuit,1,100,experiment_2
short_circuit_1,98,2.47064,4.8704,short_circuit,1,short_circuit,1,100,experiment_2
short_circuit_1,99,2.47544,4.8752,short_circuit,1,short_circuit,1,100,experiment_2
short_circuit_1,100,2.48024,4.88,short_circuit,1,short_circuit,1,100,experiment_2
short_circuit_1,101,2.48504,4.8848,short_circuit,1,short_circuit,1,100,experiment_2
short_circuit_1,102,2.48984,4.8896,short_circuit,1,short_circuit,1,100,experiment_2
short_circuit_1,103,2.49464,4.8944,short_circuit,1,short_circuit,1,100,experiment_2
short_circuit_1,104,2.49944,4.8992,short_circuit,1,short_circuit,1,100,experiment_2
short_circuit_1,105,2.50424,4.904,short_circuit,1,short_circuit,1,100,experiment_2
short_circuit_1,106,2.50904,4.9088,short_circuit,1,short_circuit,1,100,experiment_2
short_circuit_1,107,2.51384,4.9136,short_circuit,1,short_circuit,1,100,experiment_2
short_circuit_1,108,2.51864,4.9184,short_circuit,1,short_circuit,1,100,experiment_2
short_circuit_1,109,2.52344,4.9232,short_circuit,1,short_circuit,1,100,experiment_2
short_circuit_1,110,2.52824,4.928,short_circuit,1,short_circuit,1,100,experiment_2
short_circuit_1,111,2.53304,4.9328,short_circuit,1,short_circuit,1,100,experiment_2
short_circuit_1,112,2.53784,4.9376,short_circuit,1,short_circuit,1,100,experiment_2
short_circuit_1,113,2.54264,4.9424,short_circuit,1,short_circuit,1,100,experiment_2
short_circuit_1,114,2.54744,4.9472,short_circuit,1,short_circuit,1,100,experiment_2
short_circuit_1,115,2.55224,4.952,short_circuit,1,short_circuit,1,100,experiment_2
short_circuit_1,116,2.55704,4.9568,short_circuit,1,short_circuit,1,100,experiment_2
short_circuit_1,117,2.56184,4.9616,short_circuit,1,short_circuit,1,100,experiment_2
short_circuit_1,118,2.56664,4.9664,short_circuit,1,short_circuit,1,100,experiment_2
short_circuit_1,119,2.57144,4.9712,short_circuit,1,short_circuit,1,100,experiment_2
short_circuit_1,120,2.57624,4.976,short_circuit,1,short_circuit,1,100,experiment_2
short_circuit_1,121,2.58104,4.9808,short_circuit,1,short_circuit,1,100,experiment_2
short_circuit_1,122,2.58584,4.9856,short_circuit,1,short_circuit,1,100,experiment_2
short_circuit_1,123,2.59064,4.9904,short_circuit,1,short_circuit,1,100,experiment_2
short_circuit_1,124,2.59544,4.9952,short_circuit,1,short_circuit,1,100,experiment_2
short_circuit_1,125,2.60024,5.0,short_circuit,1,short_circuit,1,100,experiment_2
short_circuit_1,126,2.60504,5.0048,short_circuit,1,short_circuit,1,100,experiment_2
short_circuit_1,127,2.60984,5.0096,short_circuit,1,short_circuit,1,100,experiment_2
short_circuit_1,128,2.61464,5.0144,short_circuit,1,short_circuit,1,100,experiment_2
short_circuit_1,129,2.61944,5.0192,short_circuit,1,short_circuit,1,100,experiment_2
short_circuit_1,130,2.62424,5.024,short_circuit,1,short_circuit,1,100,experiment_2
short_circuit_1,131,2.62904,5.0288,short_circuit,1,short_circuit,1,100,experiment_2
short_circuit_1,132,2.63384,5.0336,short_circuit,1,short_circuit,1,100,experiment_2
short_circuit_1,133,2.63864,5.0384,short_circuit,1,short_circuit,1,100,experiment_2
short_circuit_1,134,2.64344,5.0432,short_circuit,1,short_circuit,1,100,experiment_2
short_circuit_1,135,2.64824,5.048,short_circuit,1,short_circuit,1,100,experiment_2
short_circuit_1,136,2.65304,5.0528,short_circuit,1,short_circuit,1,100,experiment_2
short_circuit_1,137,2.65784,5.0576,short_circuit,1,short_circuit,1,100,experiment_2
short_circuit_1,138,2.66264,5.0624,short_circuit,1,short_circuit,1,100,experiment_2
short_circuit_1,139,2.66744,5.0672,short_circuit,1,short_circuit,1,100,experiment_2
short_circuit_1,140,2.67224,5.072,short_circuit,1,short_circuit,1,100,experiment_2
short_circuit_1,141,2.67704,5.0768,short_circuit,1,short_circuit,1,100,experiment_2
short_circuit_1,142,2.68184,5.0816,short_circuit,1,short_circuit,1,100,experiment_2
short_circuit_1,143,2.68664,5.0864,short_circuit,1,short_circuit,1,100,experiment_2
short_circuit_1,144,2.69144,5.0912,short_circuit,1,short_circuit,1,100,experiment_2
short_circuit_1,145,2.69624,5.096,short_circuit,1,short_circuit,1,100,experiment_2
short_circuit_1,146,2.70104,5.1008,short_circuit,1,short_circuit,1,100,experiment_2
short_circuit_1,147,2.70584,5.1056,short_circuit,1,short_circuit,1,100,experiment_2
short_circuit_1,148,2.71064,5.1104,short_circuit,1,short_circuit,1,100,experiment_2
short_circuit_1,149,2.71544,5.1152,short_circuit,1,short_circuit,1,100,experiment_2
short_circuit_1,150,2.72024,5.12,short_circuit,1,short_circuit,1,100,experiment_2
short_circuit_1,151,2.72504,5.1248,short_circuit,1,short_circuit,1,100,experiment_2
short_circuit_1,152,2.72984,5.1296,short_circuit,1,short_circuit,1,100,experiment_2
short_circuit_1,153,2.73464,5.1344,short_circuit,1,short_circuit,1,100,experiment_2
short_circuit_1,154,2.73944,5.1392,short_circuit,1,short_circuit,1,100,experiment_2
short_circuit_1,155,2.74424,5.144,short_circuit,1,short_circuit,1,100,experiment_2
short_circuit_1,156,2.74904,5.1488,short_circuit,1,short_circuit,1,100,experiment_2
short_circuit_1,157,2.75384,5.1536,short_circuit,1,short_circuit,1,100,experiment_2
short_circuit_1,158,2.75864,5.1584,short_circuit,1,short_circuit,1,100,experiment_2
short_circuit_1,159,2.76344,5.1632,short_circuit,1,short_circuit,1,100,experiment_2
short_circuit_1,160,2.76824,5.168,short_circuit,1,short_circuit,1,100,experiment_2
short_circuit_1,161,2.77304,5.1728,short_circuit,1,short_circuit,1,100,experiment_2
short_circuit_1,162,2.77784,5.1776,short_circuit,1,short_circuit,1,100,experiment_2
short_circuit_1,163,2.78264,5.1824,short_circuit,1,short_circuit,1,100,experiment_2
short_circuit_1,164,2.78744,5.1872,short_circuit,1,short_circuit,1,100,experiment_2
short_circuit_1,165,2.79224,5.192,short_circuit,1,short_circuit,1,100,experiment_2
short_circuit_1,166,2.79704,5.1968,short_circuit,1,short_circuit,1,100,experiment_2
short_circuit_1,167,2.80184,5.2016,short_circuit,1,short_circuit,1,100,experiment_2
short_circuit_1,168,2.80664,5.2064,short_circuit,1,short_circuit,1,100,experiment_2
short_circuit_1,169,2.81144,5.2112,short_circuit,1,short_circuit,1,100,experiment_2
short_circuit_1,170,2.81624,5.216,short_circuit,1,short_circuit,1,100,experiment_2
short_circuit_1,171,2.82104,5.2208,short_circuit,1,short_circuit,1,100,experiment_2
short_circuit_1,172,2.82584,5.2256,short_circuit,1,short_circuit,1,100,experiment_2
short_circuit_1,173,2.83064,5.2304,short_circuit,1,short_circuit,1,100,experiment_2
short_circuit_1,174,2.83544,5.2352,short_circuit,1,short_circuit,1,100,experiment_2
short_circuit_1,175,2.84024,5.24,short_circuit,1,short_circuit,1,100,experiment_2
short_circuit_1,176,2.84504,5.2448,short_circuit,1,short_circuit,1,100,experiment_2
short_circuit_1,177,2.84984,5.2496,short_circuit,1,short_circuit,1,100,experiment_2
short_circuit_1,178,2.85464,5.2544,short_circuit,1,short_circuit,1,100,experiment_2
short_circuit_1,179,2.85944,5.2592,short_circuit,1,short_circuit,1,100,experiment_2
short_circuit_1,180,2.86424,5.264,short_circuit,1,short_circuit,1,100,experiment_2
short_circuit_1,181,2.86904,5.2688,short_circuit,1,short_circuit,1,100,experiment_2
short_circuit_1,182,2.87384,5.2736,short_circuit,1,short_circuit,1,100,experiment_2
short_circuit_1,183,2.87864,5.2784,short_circuit,1,short_circuit,1,100,experiment_2
short_circuit_1,184,2.88344,5.2832,short_circuit,1,short_circuit,1,100,experiment_2
short_circuit_1,185,2.88824,5.288,short_circuit,1,short_circuit,1,100,experiment_2
short_circuit_1,186,2.89304,5.2928,short_circuit,1,short_circuit,1,100,experiment_2
short_circuit_1,187,2.89784,5.2976,short_circuit,1,short_circuit,1,100,experiment_2
short_circuit_1,188,2.90264,5.3024,short_circuit,1,short_circuit,1,100,experiment_2
short_circuit_1,189,2.90744,5.3072,short_circuit,1,short_circuit,1,100,experiment_2
short_circuit_1,190,2.91224,5.312,short_circuit,1,short_circuit,1,100,experiment_2
short_circuit_1,191,2.91704,5.3168,short_circuit,1,short_circuit,1,100,experiment_2
short_circuit_1,192,2.92184,5.3216,short_circuit,1,short_circuit,1,100,experiment_2
short_circuit_1,193,2.92664,5.3264,short_circuit,1,short_circuit,1,100,experiment_2
short_circuit_1,194,2.93144,5.3312,short_circuit,1,short_circuit,1,100,experiment_2
short_circuit_1,195,2.93624,5.336,short_circuit,1,short_circuit,1,100,experiment_2
short_circuit_1,196,2.94104,5.3408,short_circuit,1,short_circuit,1,100,experiment_2
short_circuit_1,197,2.94584,5.3456,short_circuit,1,short_circuit,1,100,experiment_2
short_circuit_1,198,2.95064,5.3504,short_circuit,1,short_circuit,1,100,experiment_2
short_circuit_1,199,2.95544,5.3552,short_circuit,1,short_circuit,1,100,experiment_2
short_circuit_1,200,2.96024,5.36,short_circuit,1,short_circuit,1,100,experiment_2
short_circuit_1,201,2.96504,5.3648,short_circuit,1,short_circuit,1,100,experiment_2
short_circuit_1,202,2.96984,5.3696,short_circuit,1,short_circuit,1,100,experiment_2
short_circuit_1,203,2.97464,5.3744,short_circuit,1,short_circuit,1,100,experiment_2
short_circuit_1,204,2.97944,5.3792,short_circuit,1,short_circuit,1,100,experiment_2
short_circuit_1,205,2.98424,5.384,short_circuit,1,short_circuit,1,100,experiment_2
short_circuit_1,206,2.98904,5.3888,short_circuit,1,short_circuit,1,100,experiment_2
short_circuit_1,207,2.99384,5.3936,short_circuit,1,short_circuit,1,100,experiment_2
short_circuit_1,208,2.99864,5.3984,short_circuit,1,short_circuit,1,100,experiment_2
short_circuit_1,209,3.00344,5.4032,short_circuit,1,short_circuit,1,100,experiment_2
short_circuit_1,210,3.00824,5.408,short_circuit,1,short_circuit,1,100,experiment_2
short_circuit_1,211,3.01304,5.4128,short_circuit,1,short_circuit,1,100,experiment_2
short_circuit_1,212,3.01784,5.4176,short_circuit,1,short_circuit,1,100,experiment_2
short_circuit_1,213,3.02264,5.4224,short_circuit,1,short_circuit,1,100,experiment_2
short_circuit_1,214,3.02744,5.4272,short_circuit,1,short_circuit,1,100,experiment_2
short_circuit_1,215,3.03224,5.432,short_circuit,1,short_circuit,1,100,experiment_2
short_circuit_1,216,3.03704,5.4368,short_circuit,1,short_circuit,1,100,experiment_2
short_circuit_1,217,3.04184,5.4416,short_circuit,1,short_circuit,1,100,experiment_2
short_circuit_1,218,3.04664,5.4464,short_circuit,1,short_circuit,1,100,experiment_2
short_circuit_1,219,3.05144,5.4512,short_circuit,1,short_circuit,1,100,experiment_2
short_circuit_1,220,3.05624,5.456,short_circuit,1,short_circuit,1,100,experiment_2
short_circuit_1,221,3.06104,5.4608,short_circuit,1,short_circuit,1,100,experiment_2
short_circuit_1,222,3.06584,5.4656,short_circuit,1,short_circuit,1,100,experiment_2
short_circuit_1,223,3.07064,5.4704,short_circuit,1,short_circuit,1,100,experiment_2
short_circuit_1,224,3.07544,5.4752,short_circuit,1,short_circuit,1,100,experiment_2
short_circuit_1,225,3.08024,5.48,short_circuit,1,short_circuit,1,100,experiment_2
short_circuit_1,226,3.08504,5.4848,short_circuit,1,short_circuit,1,100,experiment_2
short_circuit_1,227,3.08984,5.4896,short_circuit,1,short_circuit,1,100,experiment_2
short_circuit_1,228,3.09464,5.4944,short_circuit,1,short_circuit,1,100,experiment_2
short_circuit_1,229,3.09944,5.4992,short_circuit,1,short_circuit,1,100,experiment_2
short_circuit_1,230,3.10424,5.504,short_circuit,1,short_circuit,1,100,experiment_2
short_circuit_1,231,3.10904,5.5088,short_circuit,1,short_circuit,1,100,experiment_2
short_circuit_1,232,3.11384,5.5136,short_circuit,1,short_circuit,1,100,experiment_2
short_circuit_1,233,3.11864,5.5184,short_circuit,1,short_circuit,1,100,experiment_2
short_circuit_1,234,3.12344,5.5232,short_circuit,1,short_circuit,1,100,experiment_2
short_circuit_1,235,3.12824,5.528,short_circuit,1,short_circuit,1,100,experiment_2
short_circuit_1,236,3.13304,5.5328,short_circuit,1,short_circuit,1,100,experiment_2
short_circuit_1,237,3.13784,5.5376,short_circuit,1,short_circuit,1,100,experiment_2
short_circuit_1,238,3.14264,5.5424,short_circuit,1,short_circuit,1,100,experiment_2
short_circuit_1,239,3.14744,5.5472,short_circuit,1,short_circuit,1,100,experiment_2
short_circuit_1,240,3.15224,5.552,short_circuit,1,short_circuit,1,100,experiment_2
short_circuit_1,241,3.15704,5.5568,short_circuit,1,short_circuit,1,100,experiment_2
short_circuit_1,242,3.16184,5.5616,short_circuit,1,short_circuit,1,100,experiment_2
short_circuit_1,243,3.16664,5.5664,short_circuit,1,short_circuit,1,100,experiment_2
short_circuit_1,244,3.17144,5.5712,short_circuit,1,short_circuit,1,100,experiment_2
short_circuit_1,245,3.17624,5.576,short_circuit,1,short_circuit,1,100,experiment_2
short_circuit_1,246,3.18104,5.5808,short_circuit,1,short_circuit,1,100,experiment_2
short_circuit_1,247,3.18584,5.5856,short_circuit,1,short_circuit,1,100,experiment_2
short_circuit_1,248,3.19064,5.5904,short_circuit,1,short_circuit,1,100,experiment_2
short_circuit_1,249,3.19544,5.5952,short_circuit,1,short_circuit,1,100,experiment_2
short_circuit_1,250,3.20024,5.6,short_circuit,1,short_circuit,1,100,experiment_2
short_circuit_1,251,3.20504,5.6048,short_circuit,1,short_circuit,1,100,experiment_2
short_circuit_1,252,3.20984,5.6096,short_circuit,1,short_circuit,1,100,experiment_2
short_circuit_1,253,3.21464,5.6144,short_circuit,1,short_circuit,1,100,experiment_2
short_circuit_1,254,3.21944,5.6192,short_circuit,1,short_circuit,1,100,experiment_2
short_circuit_1,255,3.22424,5.624,short_circuit,1,short_circuit,1,100,experiment_2
short_circuit_1,256,3.22904,5.6288,short_circuit,1,short_circuit,1,100,experiment_2
short_circuit_1,257,3.23384,5.6336,short_circuit,1,short_circuit,1,100,experiment_2
short_circuit_1,258,3.23864,5.6384,short_circuit,1,short_circuit,1,100,experiment_2
short_circuit_1,259,3.24344,5.6432,short_circuit,1,short_circuit,1,100,experiment_2
short_circuit_1,260,3.24824,5.648,short_circuit,1,short_circuit,1,100,experiment_2
short_circuit_1,261,3.25304,5.6528,short_circuit,1,short_circuit,1,100,experiment_2
short_circuit_1,262,3.25784,5.6576,short_circuit,1,short_circuit,1,100,experiment_2
short_circuit_1,263,3.26264,5.6624,short_circuit,1,short_circuit,1,100,experiment_2
short_circuit_1,264,3.26744,5.6672,short_circuit,1,short_circuit,1,100,experiment_2
short_circuit_1,265,3.27224,5.672,short_circuit,1,short_circuit,1,100,experiment_2
short_circuit_1,266,3.27704,5.6768,short_circuit,1,short_circuit,1,100,experiment_2
short_circuit_1,267,3.28184,5.6816,short_circuit,1,short_circuit,1,100,experiment_2
short_circuit_1,268,3.28664,5.6864,short_circuit,1,short_circuit,1,100,experiment_2
short_circuit_1,269,3.29144,5.6912,short_circuit,1,short_circuit,1,100,experiment_2
short_circuit_1,270,3.29624,5.696,short_circuit,1,short_circuit,1,100,experiment_2
short_circuit_1,271,3.30104,5.7008,short_circuit,1,short_circuit,1,100,experiment_2
short_circuit_1,272,3.30584,5.7056,short_circuit,1,short_circuit,1,100,experiment_2
short_circuit_1,273,3.31064,5.7104,short_circuit,1,short_circuit,1,100,experiment_2
short_circuit_1,274,3.31544,5.7152,short_circuit,1,short_circuit,1,100,experiment_2
short_circuit_1,275,3.32024,5.72,short_circuit,1,short_circuit,1,100,experiment_2
short_circuit_1,276,3.32504,5.7248,short_circuit,1,short_circuit,1,100,experiment_2
short_circuit_1,277,3.32984,5.7296,short_circuit,1,short_circuit,1,100,experiment_2
short_circuit_1,278,3.33464,5.7344,short_circuit,1,short_circuit,1,100,experiment_2
short_circuit_1,279,3.33944,5.7392,short_circuit,1,short_circuit,1,100,experiment_2
short_circuit_1,280,3.34424,5.744,short_circuit,1,short_circuit,1,100,experiment_2
short_circuit_1,281,3.34904,5.7488,short_circuit,1,short_circuit,1,100,experiment_2
short_circuit_1,282,3.35384,5.7536,short_circuit,1,short_circuit,1,100,experiment_2
short_circuit_1,283,3.35864,5.7584,short_circuit,1,short_circuit,1,100,experiment_2
short_circuit_1,284,3.36344,5.7632,short_circuit,1,short_circuit,1,100,experiment_2
short_circuit_1,285,3.36824,5.768,short_circuit,1,short_circuit,1,100,experiment_2
short_circuit_1,286,3.37304,5.7728,short_circuit,1,short_circuit,1,100,experiment_2
short_circuit_1,287,3.37784,5.7776,short_circuit,1,short_circuit,1,100,experiment_2
short_circuit_1,288,3.38264,5.7824,short_circuit,1,short_circuit,1,100,experiment_2
short_circuit_1,289,3.38744,5.7872,short_circuit,1,short_circuit,1,100,experiment_2
short_circuit_1,290,3.39224,5.792,short_circuit,1,short_circuit,1,100,experiment_2
short_circuit_1,291,3.39704,5.7968,short_circuit,1,short_circuit,1,100,experiment_2
short_circuit_1,292,3.40184,5.8016,short_circuit,1,short_circuit,1,100,experiment_2
short_circuit_1,293,3.40664,5.8064,short_circuit,1,short_circuit,1,100,experiment_2
short_circuit_1,294,3.41144,5.8112,short_circuit,1,short_circuit,1,100,experiment_2
short_circuit_1,295,3.41624,5.816,short_circuit,1,short_circuit,1,100,experiment_2
short_circuit_1,296,3.42104,5.8208,short_circuit,1,short_circuit,1,100,experiment_2
short_circuit_1,297,3.42584,5.8256,short_circuit,1,short_circuit,1,100,experiment_2
short_circuit_1,298,3.43064,5.8304,short_circuit,1,short_circuit,1,100,experiment_2
short_circuit_1,299,3.43544,5.8352,short_circuit,1,short_circuit,1,100,experiment_2
short_circuit_1,300,3.44024,5.84,short_circuit,1,short_circuit,1,100,experiment_2
short_circuit_1,301,3.44504,5.8448,short_circuit,1,short_circuit,1,100,experiment_2
short_circuit_1,302,3.44984,5.8496,short_circuit,1,short_circuit,1,100,experiment_2
short_circuit_1,303,3.45464,5.8544,short_circuit,1,short_circuit,1,100,experiment_2
short_circuit_1,304,3.45944,5.8592,short_circuit,1,short_circuit,1,100,experiment_2
short_circuit_1,305,3.46424,5.864,short_circuit,1,short_circuit,1,100,experiment_2
short_circuit_1,306,3.46904,5.8688,short_circuit,1,short_circuit,1,100,experiment_2
short_circuit_1,307,3.47384,5.8736,short_circuit,1,short_circuit,1,100,experiment_2
short_circuit_1,308,3.47864,5.8784,short_circuit,1,short_circuit,1,100,experiment_2
short_circuit_1,309,3.48344,5.8832,short_circuit,1,short_circuit,1,100,experiment_2
short_circuit_1,310,3.48824,5.888,short_circuit,1,short_circuit,1,100,experiment_2
short_circuit_1,311,3.49304,5.8928,short_circuit,1,short_circuit,1,100,experiment_2
short_circuit_1,312,3.49784,5.8976,short_circuit,1,short_circuit,1,100,experiment_2
short_circuit_1,313,3.50264,5.9024,short_circuit,1,short_circuit,1,100,experiment_2
short_circuit_1,314,3.50744,5.9072,short_circuit,1,short_circuit,1,100,experiment_2
short_circuit_1,315,3.51224,5.912,short_circuit,1,short_circuit,1,100,experiment_2
short_circuit_1,316,3.51704,5.9168,short_circuit,1,short_circuit,1,100,experiment_2
short_circuit_1,317,3.52184,5.9216,short_circuit,1,short_circuit,1,100,experiment_2
short_circuit_1,318,3.52664,5.9264,short_circuit,1,short_circuit,1,100,experiment_2
short_circuit_1,319,3.53144,5.9312,short_circuit,1,short_circuit,1,100,experiment_2
short_circuit_1,320,3.53624,5.936,short_circuit,1,short_circuit,1,100,experiment_2
short_circuit_1,321,3.54104,5.9408,short_circuit,1,short_circuit,1,100,experiment_2
short_circuit_1,322,3.54584,5.9456,short_circuit,1,short_circuit,1,100,experiment_2
short_circuit_1,323,3.55064,5.9504,short_circuit,1,short_circuit,1,100,experiment_2
short_circuit_1,324,3.55544,5.9552,short_circuit,1,short_circuit,1,100,experiment_2
short_circuit_1,325,3.56024,5.96,short_circuit,1,short_circuit,1,100,experiment_2
short_circuit_1,326,3.56504,5.9648,short_circuit,1,short_circuit,1,100,experiment_2
short_circuit_1,327,3.56984,5.9696,short_circuit,1,short_circuit,1,100,experiment_2
short_circuit_1,328,3.57464,5.9744,short_circuit,1,short_circuit,1,100,experiment_2
short_circuit_1,329,3.57944,5.9792,short_circuit,1,short_circuit,1,100,experiment_2
short_circuit_1,330,3.58424,5.984,short_circuit,1,short_circuit,1,100,experiment_2
short_circuit_1,331,3.58904,5.9888,short_circuit,1,short_circuit,1,100,experiment_2
short_circuit_1,332,3.59384,5.9936,short_circuit,1,short_circuit,1,100,experiment_2
short_circuit_1,333,3.59864,5.9984,short_circuit,1,short_circuit,1,100,experiment_2
short_circuit_1,334,3.60344,6.0032,short_circuit,1,short_circuit,1,100,experiment_2
short_circuit_1,335,3.60824,6.008,short_circuit,1,short_circuit,1,100,experiment_2
short_circuit_1,336,3.61304,6.0128,short_circuit,1,short_circuit,1,100,experiment_2
short_circuit_1,337,3.61784,6.0176,short_circuit,1,short_circuit,1,100,experiment_2
short_circuit_1,338,3.62264,6.0224,short_circuit,1,short_circuit,1,100,experiment_2
short_circuit_1,339,3.62744,6.0272,short_circuit,1,short_circuit,1,100,experiment_2
short_circuit_1,340,3.63224,6.032,short_circuit,1,short_circuit,1,100,experiment_2
short_circuit_1,341,3.63704,6.0368,short_circuit,1,short_circuit,1,100,experiment_2
short_circuit_1,342,3.64184,6.0416,short_circuit,1,short_circuit,1,100,experiment_2
short_circuit_1,343,3.64664,6.0464,short_circuit,1,short_circuit,1,100,experiment_2
short_circuit_1,344,3.65144,6.0512,short_circuit,1,short_circuit,1,100,experiment_2
short_circuit_1,345,3.65624,6.056,short_circuit,1,short_circuit,1,100,experiment_2
short_circuit_1,346,3.66104,6.0608,short_circuit,1,short_circuit,1,100,experiment_2
short_circuit_1,347,3.66584,6.0656,short_circuit,1,short_circuit,1,100,experiment_2
short_circuit_1,348,3.67064,6.0704,short_circuit,1,short_circuit,1,100,experiment_2
short_circuit_1,349,3.67544,6.0752,short_circuit,1,short_circuit,1,100,experiment_2
short_circuit_1,350,3.68024,6.08,short_circuit,1,short_circuit,1,100,experiment_2
short_circuit_1,351,3.68504,6.0848,short_circuit,1,short_circuit,1,100,experiment_2
short_circuit_1,352,3.68984,6.0896,short_circuit,1,short_circuit,1,100,experiment_2
short_circuit_1,353,3.69464,6.0944,short_circuit,1,short_circuit,1,100,experiment_2
short_circuit_1,354,3.69944,6.0992,short_circuit,1,short_circuit,1,100,experiment_2
short_circuit_1,355,3.70424,6.104,short_circuit,1,short_circuit,1,100,experiment_2
short_circuit_1,356,3.70904,6.1088,short_circuit,1,short_circuit,1,100,experiment_2
short_circuit_1,357,3.71384,6.1136,short_circuit,1,short_circuit,1,100,experiment_2
short_circuit_1,358,3.71864,6.1184,short_circuit,1,short_circuit,1,100,experiment_2
short_circuit_1,359,3.72344,6.1232,short_circuit,1,short_circuit,1,100,experiment_2
short_circuit_1,360,3.72824,6.128,short_circuit,1,short_circuit,1,100,experiment_2
short_circuit_1,361,3.73304,6.1328,short_circuit,1,short_circuit,1,100,experiment_2
short_circuit_1,362,3.73784,6.1376,short_circuit,1,short_circuit,1,100,experiment_2
short_circuit_1,363,3.74264,6.1424,short_circuit,1,short_circuit,1,100,experiment_2
short_circuit_1,364,3.74744,6.1472,short_circuit,1,short_circuit,1,100,experiment_2
short_circuit_1,365,3.75224,6.152,short_circuit,1,short_circuit,1,100,experiment_2
short_circuit_1,366,3.75704,6.1568,short_circuit,1,short_circuit,1,100,experiment_2
short_circuit_1,367,3.76184,6.1616,short_circuit,1,short_circuit,1,100,experiment_2
short_circuit_1,368,3.76664,6.1664,short_circuit,1,short_circuit,1,100,experiment_2
short_circuit_1,369,3.77144,6.1712,short_circuit,1,short_circuit,1,100,experiment_2
short_circuit_1,370,3.77624,6.176,short_circuit,1,short_circuit,1,100,experiment_2
short_circuit_1,371,3.78104,6.1808,short_circuit,1,short_circuit,1,100,experiment_2
short_circuit_1,372,3.78584,6.1856,short_circuit,1,short_circuit,1,100,experiment_2
short_circuit_1,373,3.79064,6.1904,short_circuit,1,short_circuit,1,100,experiment_2
short_circuit_1,374,3.79544,6.1952,short_circuit,1,short_circuit,1,100,experiment_2
short_circuit_1,375,3.80024,6.2,short_circuit,1,short_circuit,1,100,experiment_2
short_circuit_1,376,3.80504,6.2048,short_circuit,1,short_circuit,1,100,experiment_2
short_circuit_1,377,3.80984,6.2096,short_circuit,1,short_circuit,1,100,experiment_2
short_circuit_1,378,3.81464,6.2144,short_circuit,1,short_circuit,1,100,experiment_2
short_circuit_1,379,3.81944,6.2192,short_circuit,1,short_circuit,1,100,experiment_2
short_circuit_1,380,3.82424,6.224,short_circuit,1,short_circuit,1,100,experiment_2
short_circuit_1,381,3.82904,6.2288,short_circuit,1,short_circuit,1,100,experiment_2
short_circuit_1,382,3.83384,6.2336,short_circuit,1,short_circuit,1,100,experiment_2
short_circuit_1,383,3.83864,6.2384,short_circuit,1,short_circuit,1,100,experiment_2
short_circuit_1,384,3.84344,6.2432,short_circuit,1,short_circuit,1,100,experiment_2
short_circuit_1,385,3.84824,6.248,short_circuit,1,short_circuit,1,100,experiment_2
short_circuit_1,386,3.85304,6.2528,short_circuit,1,short_circuit,1,100,experiment_2
short_circuit_1,387,3.85784,6.2576,short_circuit,1,short_circuit,1,100,experiment_2
short_circuit_1,388,3.86264,6.2624,short_circuit,1,short_circuit,1,100,experiment_2
short_circuit_1,389,3.86744,6.2672,short_circuit,1,short_circuit,1,100,experiment_2
short_circuit_1,390,3.87224,6.272,short_circuit,1,short_circuit,1,100,experiment_2
short_circuit_1,391,3.87704,6.2768,short_circuit,1,short_circuit,1,100,experiment_2
short_circuit_1,392,3.88184,6.2816,short_circuit,1,short_circuit,1,100,experiment_2
short_circuit_1,393,3.88664,6.2864,short_circuit,1,short_circuit,1,100,experiment_2
short_circuit_1,394,3.89144,6.2912,short_circuit,1,short_circuit,1,100,experiment_2
short_circuit_1,395,3.89624,6.296,short_circuit,1,short_circuit,1,100,experiment_2
short_circuit_1,396,3.90104,6.3008,short_circuit,1,short_circuit,1,100,experiment_2
short_circuit_1,397,3.90584,6.3056,short_circuit,1,short_circuit,1,100,experiment_2
short_circuit_1,398,3.91064,6.3104,short_circuit,1,short_circuit,1,100,experiment_2
short_circuit_1,399,3.91544,6.3152,short_circuit,1,short_circuit,1,100,experiment_2
short_circuit_1,400,3.92024,6.32,short_circuit,1,short_circuit,1,100,experiment_2
short_circuit_1,401,3.92504,6.3248,short_circuit,1,short_circuit,1,100,experiment_2
short_circuit_1,402,3.92984,6.3296,short_circuit,1,short_circuit,1,100,experiment_2
short_circuit_1,403,3.93464,6.3344,short_circuit,1,short_circuit,1,100,experiment_2
short_circuit_1,404,3.93944,6.3392,short_circuit,1,short_circuit,1,100,experiment_2
short_circuit_1,405,3.94424,6.344,short_circuit,1,short_circuit,1,100,experiment_2
short_circuit_1,406,3.94904,6.3488,short_circuit,1,short_circuit,1,100,experiment_2
short_circuit_1,407,3.95384,6.3536,short_circuit,1,short_circuit,1,100,experiment_2
short_circuit_1,408,3.95864,6.3584,short_circuit,1,short_circuit,1,100,experiment_2
short_circuit_1,409,3.96344,6.3632,short_circuit,1,short_circuit,1,100,experiment_2
short_circuit_1,410,3.96824,6.368,short_circuit,1,short_circuit,1,100,experiment_2
short_circuit_1,411,3.97304,6.3728,short_circuit,1,short_circuit,1,100,experiment_2
short_circuit_1,412,3.97784,6.3776,short_circuit,1,short_circuit,1,100,experiment_2
short_circuit_1,413,3.98264,6.3824,short_circuit,1,short_circuit,1,100,experiment_2
short_circuit_1,414,3.98744,6.3872,short_circuit,1,short_circuit,1,100,experiment_2
short_circuit_1,415,3.99224,6.392,short_circuit,1,short_circuit,1,100,experiment_2
short_circuit_1,416,3.99704,6.3968,short_circuit,1,short_circuit,1,100,experiment_2
short_circuit_1,417,4.00184,6.4016,short_circuit,1,short_circuit,1,100,experiment_2
short_circuit_1,418,4.00664,6.4064,short_circuit,1,short_circuit,1,100,experiment_2
short_circuit_1,419,4.01144,6.4112,short_circuit,1,short_circuit,1,100,experiment_2
short_circuit_1,420,4.01624,6.416,short_circuit,1,short_circuit,1,100,experiment_2
short_circuit_1,421,4.02104,6.4208,short_circuit,1,short_circuit,1,100,experiment_2
short_circuit_1,422,4.02584,6.4256,short_circuit,1,short_circuit,1,100,experiment_2
short_circuit_1,423,4.03064,6.4304,short_circuit,1,short_circuit,1,100,experiment_2
short_circuit_1,424,4.03544,6.4352,short_circuit,1,short_circuit,1,100,experiment_2
short_circuit_1,425,4.04024,6.44,short_circuit,1,short_circuit,1,100,experiment_2
short_circuit_1,426,4.04504,6.4448,short_circuit,1,short_circuit,1,100,experiment_2
short_circuit_1,427,4.04984,6.4496,short_circuit,1,short_circuit,1,100,experiment_2
short_circuit_1,428,4.05464,6.4544,short_circuit,1,short_circuit,1,100,experiment_2
short_circuit_1,429,4.05944,6.4592,short_circuit,1,short_circuit,1,100,experiment_2
short_circuit_1,430,4.06424,6.464,short_circuit,1,short_circuit,1,100,experiment_2
short_circuit_1,431,4.06904,6.4688,short_circuit,1,short_circuit,1,100,experiment_2
short_circuit_1,432,4.07384,6.4736,short_circuit,1,short_circuit,1,100,experiment_2
short_circuit_1,433,4.07864,6.4784,short_circuit,1,short_circuit,1,100,experiment_2
short_circuit_1,434,4.08344,6.4832,short_circuit,1,short_circuit,1,100,experiment_2
short_circuit_1,435,4.08824,6.488,short_circuit,1,short_circuit,1,100,experiment_2
short_circuit_1,436,4.09304,6.4928,short_circuit,1,short_circuit,1,100,experiment_2
short_circuit_1,437,4.09784,6.4976,short_circuit,1,short_circuit,1,100,experiment_2
short_circuit_1,438,4.10264,6.5024,short_circuit,1,short_circuit,1,100,experiment_2
short_circuit_1,439,4.10744,6.5072,short_circuit,1,short_circuit,1,100,experiment_2
short_circuit_1,440,4.11224,6.512,short_circuit,1,short_circuit,1,100,experiment_2
short_circuit_1,441,4.11704,6.5168,short_circuit,1,short_circuit,1,100,experiment_2
short_circuit_1,442,4.12184,6.5216,short_circuit,1,short_circuit,1,100,experiment_2
short_circuit_1,443,4.12664,6.5264,short_circuit,1,short_circuit,1,100,experiment_2
short_circuit_1,444,4.13144,6.5312,short_circuit,1,short_circuit,1,100,experiment_2
short_circuit_1,445,4.13624,6.536,short_circuit,1,short_circuit,1,100,experiment_2
short_circuit_1,446,4.14104,6.5408,short_circuit,1,short_circuit,1,100,experiment_2
short_circuit_1,447,4.14584,6.5456,short_circuit,1,short_circuit,1,100,experiment_2
short_circuit_1,448,4.15064,6.5504,short_circuit,1,short_circuit,1,100,experiment_2
short_circuit_1,449,4.15544,6.5552,short_circuit,1,short_circuit,1,100,experiment_2
short_circuit_1,450,4.16024,6.56,short_circuit,1,short_circuit,1,100,experiment_2
short_circuit_1,451,4.16504,6.5648,short_circuit,1,short_circuit,1,100,experiment_2
short_circuit_1,452,4.16984,6.5696,short_circuit,1,short_circuit,1,100,experiment_2
short_circuit_1,453,4.17464,6.5744,short_circuit,1,short_circuit,1,100,experiment_2
short_circuit_1,454,4.17944,6.5792,short_circuit,1,short_circuit,1,100,experiment_2
short_circuit_1,455,4.18424,6.584,short_circuit,1,short_circuit,1,100,experiment_2
short_circuit_1,456,4.18904,6.5888,short_circuit,1,short_circuit,1,100,experiment_2
short_circuit_1,457,4.19384,6.5936,short_circuit,1,short_circuit,1,100,experiment_2
short_circuit_1,458,4.19864,6.5984,short_circuit,1,short_circuit,1,100,experiment_2
short_circuit_1,459,4.20344,6.6032,short_circuit,1,short_circuit,1,100,experiment_2
short_circuit_1,460,4.20824,6.608,short_circuit,1,short_circuit,1,100,experiment_2
short_circuit_1,461,4.21304,6.6128,short_circuit,1,short_circuit,1,100,experiment_2
short_circuit_1,462,4.21784,6.6176,short_circuit,1,short_circuit,1,100,experiment_2
short_circuit_1,463,4.22264,6.6224,short_circuit,1,short_circuit,1,100,experiment_2
short_circuit_1,464,4.22744,6.6272,short_circuit,1,short_circuit,1,100,experiment_2
short_circuit_1,465,4.23224,6.632,short_circuit,1,short_circuit,1,100,experiment_2
short_circuit_1,466,4.23704,6.6368,short_circuit,1,short_circuit,1,100,experiment_2
short_circuit_1,467,4.24184,6.6416,short_circuit,1,short_circuit,1,100,experiment_2
short_circuit_1,468,4.24664,6.6464,short_circuit,1,short_circuit,1,100,experiment_2
short_circuit_1,469,4.25144,6.6512,short_circuit,1,short_circuit,1,100,experiment_2
short_circuit_1,470,4.25624,6.656,short_circuit,1,short_circuit,1,100,experiment_2
short_circuit_1,471,4.26104,6.6608,short_circuit,1,short_circuit,1,100,experiment_2
short_circuit_1,472,4.26584,6.6656,short_circuit,1,short_circuit,1,100,experiment_2
short_circuit_1,473,4.27064,6.6704,short_circuit,1,short_circuit,1,100,experiment_2
short_circuit_1,474,4.27544,6.6752,short_circuit,1,short_circuit,1,100,experiment_2
short_circuit_1,475,4.28024,6.68,short_circuit,1,short_circuit,1,100,experiment_2
short_circuit_1,476,4.28504,6.6848,short_circuit,1,short_circuit,1,100,experiment_2
short_circuit_1,477,4.28984,6.6896,short_circuit,1,short_circuit,1,100,experiment_2
short_circuit_1,478,4.29464,6.6944,short_circuit,1,short_circuit,1,100,experiment_2
short_circuit_1,479,4.29944,6.6992,short_circuit,1,short_circuit,1,100,experiment_2
short_circuit_1,480,4.30424,6.704,short_circuit,1,short_circuit,1,100,experiment_2
short_circuit_1,481,4.30904,6.7088,short_circuit,1,short_circuit,1,100,experiment_2
short_circuit_1,482,4.31384,6.7136,short_circuit,1,short_circuit,1,100,experiment_2
short_circuit_1,483,4.31864,6.7184,short_circuit,1,short_circuit,1,100,experiment_2
short_circuit_1,484,4.32344,6.7232,short_circuit,1,short_circuit,1,100,experiment_2
short_circuit_1,485,4.32824,6.728,short_circuit,1,short_circuit,1,100,experiment_2
short_circuit_1,486,4.33304,6.7328,short_circuit,1,short_circuit,1,100,experiment_2
short_circuit_1,487,4.33784,6.7376,short_circuit,1,short_circuit,1,100,experiment_2
short_circuit_1,488,4.34264,6.7424,short_circuit,1,short_circuit,1,100,experiment_2
short_circuit_1,489,4.34744,6.7472,short_circuit,1,short_circuit,1,100,experiment_2
short_circuit_1,490,4.35224,6.752,short_circuit,1,short_circuit,1,100,experiment_2
short_circuit_1,491,4.35704,6.7568,short_circuit,1,short_circuit,1,100,experiment_2
short_circuit_1,492,4.36184,6.7616,short_circuit,1,short_circuit,1,100,experiment_2
short_circuit_1,493,4.36664,6.7664,short_circuit,1,short_circuit,1,100,experiment_2
short_circuit_1,494,4.37144,6.7712,short_circuit,1,short_circuit,1,100,experiment_2
short_circuit_1,495,4.37624,6.776,short_circuit,1,short_circuit,1,100,experiment_2
short_circuit_1,496,4.38104,6.7808,short_circuit,1,short_circuit,1,100,experiment_2
short_circuit_1,497,4.38584,6.7856,short_circuit,1,short_circuit,1,100,experiment_2
short_circuit_1,498,4.39064,6.7904,short_circuit,1,short_circuit,1,100,experiment_2
short_circuit_1,499,4.39544,6.7952,short_circuit,1,short_circuit,1,100,experiment_2
short_circuit_1,500,4.40024,6.8,short_circuit,1,short_circuit,1,100,experiment_2
short_circuit_1,501,4.40504,6.8048,short_circuit,1,short_circuit,1,100,experiment_2
short_circuit_1,502,4.40984,6.8096,short_circuit,1,short_circuit,1,100,experiment_2
short_circuit_1,503,4.41464,6.8144,short_circuit,1,short_circuit,1,100,experiment_2
short_circuit_1,504,4.41944,6.8192,short_circuit,1,short_circuit,1,100,experiment_2
short_circuit_1,505,4.42424,6.824,short_circuit,1,short_circuit,1,100,experiment_2
short_circuit_1,506,4.42904,6.8288,short_circuit,1,short_circuit,1,100,experiment_2
short_circuit_1,507,4.43384,6.8336,short_circuit,1,short_circuit,1,100,experiment_2
short_circuit_1,508,4.43864,6.8384,short_circuit,1,short_circuit,1,100,experiment_2
short_circuit_1,509,4.44344,6.8432,short_circuit,1,short_circuit,1,100,experiment_2
short_circuit_1,510,4.44824,6.848,short_circuit,1,short_circuit,1,100,experiment_2
short_circuit_1,511,4.45304,6.8528,short_circuit,1,short_circuit,1,100,experiment_2
short_circuit_1,512,4.45784,6.8576,short_circuit,1,short_circuit,1,100,experiment_2
short_circuit_1,513,4.46264,6.8624,short_circuit,1,short_circuit,1,100,experiment_2
short_circuit_1,514,4.46744,6.8672,short_circuit,1,short_circuit,1,100,experiment_2
short_circuit_1,515,4.47224,6.872,short_circuit,1,short_circuit,1,100,experiment_2
short_circuit_1,516,4.47704,6.8768,short_circuit,1,short_circuit,1,100,experiment_2
short_circuit_1,517,4.48184,6.8816,short_circuit,1,short_circuit,1,100,experiment_2
short_circuit_1,518,4.48664,6.8864,short_circuit,1,short_circuit,1,100,experiment_2
short_circuit_1,519,4.49144,6.8912,short_circuit,1,short_circuit,1,100,experiment_2
short_circuit_1,520,4.49624,6.896,short_circuit,1,short_circuit,1,100,experiment_2
short_circuit_1,521,4.50104,6.9008,short_circuit,1,short_circuit,1,100,experiment_2
short_circuit_1,522,4.50584,6.9056,short_circuit,1,short_circuit,1,100,experiment_2
short_circuit_1,523,4.51064,6.9104,short_circuit,1,short_circuit,1,100,experiment_2
short_circuit_1,524,4.51544,6.9152,short_circuit,1,short_circuit,1,100,experiment_2
short_circuit_1,525,4.52024,6.92,short_circuit,1,short_circuit,1,100,experiment_2
short_circuit_1,526,4.52504,6.9248,short_circuit,1,short_circuit,1,100,experiment_2
short_circuit_1,527,4.52984,6.9296,short_circuit,1,short_circuit,1,100,experiment_2
short_circuit_1,528,4.53464,6.9344,short_circuit,1,short_circuit,1,100,experiment_2
short_circuit_1,529,4.53944,6.9392,short_circuit,1,short_circuit,1,100,experiment_2
short_circuit_1,530,4.54424,6.944,short_circuit,1,short_circuit,1,100,experiment_2
short_circuit_1,531,4.54904,6.9488,short_circuit,1,short_circuit,1,100,experiment_2
short_circuit_1,532,4.55384,6.9536,short_circuit,1,short_circuit,1,100,experiment_2
short_circuit_1,533,4.55864,6.9584,short_circuit,1,short_circuit,1,100,experiment_2
short_circuit_1,534,4.56344,6.9632,short_circuit,1,short_circuit,1,100,experiment_2
short_circuit_1,535,4.56824,6.968,short_circuit,1,short_circuit,1,100,experiment_2
short_circuit_1,536,4.57304,6.9728,short_circuit,1,short_circuit,1,100,experiment_2
short_circuit_1,537,4.57784,6.9776,short_circuit,1,short_circuit,1,100,experiment_2
short_circuit_1,538,4.58264,6.9824,short_circuit,1,short_circuit,1,100,experiment_2
short_circuit_1,539,4.58744,6.9872,short_circuit,1,short_circuit,1,100,experiment_2
short_circuit_1,540,4.59224,6.992,short_circuit,1,short_circuit,1,100,experiment_2
short_circuit_1,541,4.59704,6.9968,short_circuit,1,short_circuit,1,100,experiment_2
short_circuit_1,542,4.60184,7.0016,short_circuit,1,short_circuit,1,100,experiment_2
short_circuit_1,543,4.60664,7.0064,short_circuit,1,short_circuit,1,100,experiment_2
short_circuit_1,544,4.61144,7.0112,short_circuit,1,short_circuit,1,100,experiment_2
short_circuit_1,545,4.61624,7.016,short_circuit,1,short_circuit,1,100,experiment_2
short_circuit_1,546,4.62104,7.0208,short_circuit,1,short_circuit,1,100,experiment_2
short_circuit_1,547,4.62584,7.0256,short_circuit,1,short_circuit,1,100,experiment_2
short_circuit_1,548,4.63064,7.0304,short_circuit,1,short_circuit,1,100,experiment_2
short_circuit_1,549,4.63544,7.0352,short_circuit,1,short_circuit,1,100,experiment_2
short_circuit_1,550,4.64024,7.04,short_circuit,1,short_circuit,1,100,experiment_2
short_circuit_1,551,4.64504,7.0448,short_circuit,1,short_circuit,1,100,experiment_2
short_circuit_1,552,4.64984,7.0496,short_circuit,1,short_circuit,1,100,experiment_2
short_circuit_1,553,4.65464,7.0544,short_circuit,1,short_circuit,1,100,experiment_2
short_circuit_1,554,4.65944,7.0592,short_circuit,1,short_circuit,1,100,experiment_2
short_circuit_1,555,4.66424,7.064,short_circuit,1,short_circuit,1,100,experiment_2
short_circuit_1,556,4.66904,7.0688,short_circuit,1,short_circuit,1,100,experiment_2
short_circuit_1,557,4.67384,7.0736,short_circuit,1,short_circuit,1,100,experiment_2
short_circuit_1,558,4.67864,7.0784,short_circuit,1,short_circuit,1,100,experiment_2
short_circuit_1,559,4.68344,7.0832,short_circuit,1,short_circuit,1,100,experiment_2
short_circuit_1,560,4.68824,7.088,short_circuit,1,short_circuit,1,100,experiment_2
short_circuit_1,561,4.69304,7.0928,short_circuit,1,short_circuit,1,100,experiment_2
short_circuit_1,562,4.69784,7.0976,short_circuit,1,short_circuit,1,100,experiment_2
short_circuit_1,563,4.70264,7.1024,short_circuit,1,short_circuit,1,100,experiment_2
short_circuit_1,564,4.70744,7.1072,short_circuit,1,short_circuit,1,100,experiment_2
short_circuit_1,565,4.71224,7.112,short_circuit,1,short_circuit,1,100,experiment_2
short_circuit_1,566,4.71704,7.1168,short_circuit,1,short_circuit,1,100,experiment_2
short_circuit_1,567,4.72184,7.1216,short_circuit,1,short_circuit,1,100,experiment_2
short_circuit_1,568,4.72664,7.1264,short_circuit,1,short_circuit,1,100,experiment_2
short_circuit_1,569,4.73144,7.1312,short_circuit,1,short_circuit,1,100,experiment_2
short_circuit_1,570,4.73624,7.136,short_circuit,1,short_circuit,1,100,experiment_2
short_circuit_1,571,4.74104,7.1408,short_circuit,1,short_circuit,1,100,experiment_2
short_circuit_1,572,4.74584,7.1456,short_circuit,1,short_circuit,1,100,experiment_2
short_circuit_1,573,4.75064,7.1504,short_circuit,1,short_circuit,1,100,experiment_2
short_circuit_1,574,4.75544,7.1552,short_circuit,1,short_circuit,1,100,experiment_2
short_circuit_1,575,4.76024,7.16,short_circuit,1,short_circuit,1,100,experiment_2
short_circuit_1,576,4.76504,7.1648,short_circuit,1,short_circuit,1,100,experiment_2
short_circuit_1,577,4.76984,7.1696,short_circuit,1,short_circuit,1,100,experiment_2
short_circuit_1,578,4.77464,7.1744,short_circuit,1,short_circuit,1,100,experiment_2
short_circuit_1,579,4.77944,7.1792,short_circuit,1,short_circuit,1,100,experiment_2
short_circuit_1,580,4.78424,7.184,short_circuit,1,short_circuit,1,100,experiment_2
short_circuit_1,581,4.78904,7.1888,short_circuit,1,short_circuit,1,100,experiment_2
short_circuit_1,582,4.79384,7.1936,short_circuit,1,short_circuit,1,100,experiment_2
short_circuit_1,583,4.79864,7.1984,short_circuit,1,short_circuit,1,100,experiment_2
short_circuit_1,584,4.80344,7.2032,short_circuit,1,short_circuit,1,100,experiment_2
short_circuit_1,585,4.80824,7.208,short_circuit,1,short_circuit,1,100,experiment_2
short_circuit_1,586,4.81304,7.2128,short_circuit,1,short_circuit,1,100,experiment_2
short_circuit_1,587,4.81784,7.2176,short_circuit,1,short_circuit,1,100,experiment_2
short_circuit_1,588,4.82264,7.2224,short_circuit,1,short_circuit,1,100,experiment_2
short_circuit_1,589,4.82744,7.2272,short_circuit,1,short_circuit,1,100,experiment_2
short_circuit_1,590,4.83224,7.232,short_circuit,1,short_circuit,1,100,experiment_2
short_circuit_1,591,4.83704,7.2368,short_circuit,1,short_circuit,1,100,experiment_2
short_circuit_1,592,4.84184,7.2416,short_circuit,1,short_circuit,1,100,experiment_2
short_circuit_1,593,4.84664,7.2464,short_circuit,1,short_circuit,1,100,experiment_2
short_circuit_1,594,4.85144,7.2512,short_circuit,1,short_circuit,1,100,experiment_2
short_circuit_1,595,4.85624,7.256,short_circuit,1,short_circuit,1,100,experiment_2
short_circuit_1,596,4.86104,7.2608,short_circuit,1,short_circuit,1,100,experiment_2
short_circuit_1,597,4.86584,7.2656,short_circuit,1,short_circuit,1,100,experiment_2
short_circuit_1,598,4.87064,7.2704,short_circuit,1,short_circuit,1,100,experiment_2
short_circuit_1,599,4.87544,7.2752,short_circuit,1,short_circuit,1,100,experiment_2
short_circuit_1,600,4.88024,7.28,short_circuit,1,short_circuit,1,100,experiment_2
short_circuit_1,601,4.88504,7.2848,short_circuit,1,short_circuit,1,100,experiment_2
short_circuit_1,602,4.88984,7.2896,short_circuit,1,short_circuit,1,100,experiment_2
short_circuit_1,603,4.89464,7.2944,short_circuit,1,short_circuit,1,100,experiment_2
short_circuit_1,604,4.89944,7.2992,short_circuit,1,short_circuit,1,100,experiment_2
short_circuit_1,605,4.90424,7.304,short_circuit,1,short_circuit,1,100,experiment_2
short_circuit_1,606,4.90904,7.3088,short_circuit,1,short_circuit,1,100,experiment_2
short_circuit_1,607,4.91384,7.3136,short_circuit,1,short_circuit,1,100,experiment_2
short_circuit_1,608,4.91864,7.3184,short_circuit,1,short_circuit,1,100,experiment_2
short_circuit_1,609,4.92344,7.3232,short_circuit,1,short_circuit,1,100,experiment_2
short_circuit_1,610,4.92824,7.328,short_circuit,1,short_circuit,1,100,experiment_2
short_circuit_1,611,4.93304,7.3328,short_circuit,1,short_circuit,1,100,experiment_2
short_circuit_1,612,4.93784,7.3376,short_circuit,1,short_circuit,1,100,experiment_2
short_circuit_1,613,4.94264,7.3424,short_circuit,1,short_circuit,1,100,experiment_2
short_circuit_1,614,4.94744,7.3472,short_circuit,1,short_circuit,1,100,experiment_2
short_circuit_1,615,4.95224,7.352,short_circuit,1,short_circuit,1,100,experiment_2
short_circuit_1,616,4.95704,7.3568,short_circuit,1,short_circuit,1,100,experiment_2
short_circuit_1,617,4.96184,7.3616,short_circuit,1,short_circuit,1,100,experiment_2
short_circuit_1,618,4.96664,7.3664,short_circuit,1,short_circuit,1,100,experiment_2
short_circuit_1,619,4.97144,7.3712,short_circuit,1,short_circuit,1,100,experiment_2
short_circuit_1,620,4.97624,7.376,short_circuit,1,short_circuit,1,100,experiment_2
short_circuit_1,621,4.98104,7.3808,short_circuit,1,short_circuit,1,100,experiment_2
short_circuit_1,622,4.98584,7.3856,short_circuit,1,short_circuit,1,100,experiment_2
short_circuit_1,623,4.99064,7.3904,short_circuit,1,short_circuit,1,100,experiment_2
short_circuit_1,624,4.99544,7.3952,short_circuit,1,short_circuit,1,100,experiment_2
short_circuit_1,625,5.00024,7.4,short_circuit,1,short_circuit,1,100,experiment_2
short_circuit_1,626,5.00504,7.4048,short_circuit,1,short_circuit,1,100,experiment_2
short_circuit_1,627,5.00984,7.4096,short_circuit,1,short_circuit,1,100,experiment_2
short_circuit_1,628,5.01464,7.4144,short_circuit,1,short_circuit,1,100,experiment_2
short_circuit_1,629,5.01944,7.4192,short_circuit,1,short_circuit,1,100,experiment_2
short_circuit_1,630,5.02424,7.424,short_circuit,1,short_circuit,1,100,experiment_2
short_circuit_1,631,5.02904,7.4288,short_circuit,1,short_circuit,1,100,experiment_2
short_circuit_1,632,5.03384,7.4336,short_circuit,1,short_circuit,1,100,experiment_2
short_circuit_1,633,5.03864,7.4384,short_circuit,1,short_circuit,1,100,experiment_2
short_circuit_1,634,5.04344,7.4432,short_circuit,1,short_circuit,1,100,experiment_2
short_circuit_1,635,5.04824,7.448,short_circuit,1,short_circuit,1,100,experiment_2
short_circuit_1,636,5.05304,7.4528,short_circuit,1,short_circuit,1,100,experiment_2
short_circuit_1,637,5.05784,7.4576,short_circuit,1,short_circuit,1,100,experiment_2
short_circuit_1,638,5.06264,7.4624,short_circuit,1,short_circuit,1,100,experiment_2
short_circuit_1,639,5.06744,7.4672,short_circuit,1,short_circuit,1,100,experiment_2
short_circuit_1,640,5.07224,7.472,short_circuit,1,short_circuit,1,100,experiment_2
short_circuit_1,641,5.07704,7.4768,short_circuit,1,short_circuit,1,100,experiment_2
short_circuit_1,642,5.08184,7.4816,short_circuit,1,short_circuit,1,100,experiment_2
short_circuit_1,643,5.08664,7.4864,short_circuit,1,short_circuit,1,100,experiment_2
short_circuit_1,644,5.09144,7.4912,short_circuit,1,short_circuit,1,100,experiment_2
short_circuit_1,645,5.09624,7.496,short_circuit,1,short_circuit,1,100,experiment_2
short_circuit_1,646,5.10104,7.5008,short_circuit,1,short_circuit,1,100,experiment_2
short_circuit_1,647,5.10584,7.5056,short_circuit,1,short_circuit,1,100,experiment_2
short_circuit_1,648,5.11064,7.5104,short_circuit,1,short_circuit,1,100,experiment_2
short_circuit_1,649,5.11544,7.5152,short_circuit,1,short_circuit,1,100,experiment_2
short_circuit_1,650,5.12024,7.52,short_circuit,1,short_circuit,1,100,experiment_2
short_circuit_1,651,5.12504,7.5248,short_circuit,1,short_circuit,1,100,experiment_2
short_circuit_1,652,5.12984,7.5296,short_circuit,1,short_circuit,1,100,experiment_2
short_circuit_1,653,5.13464,7.5344,short_circuit,1,short_circuit,1,100,experiment_2
short_circuit_1,654,5.13944,7.5392,short_circuit,1,short_circuit,1,100,experiment_2
short_circuit_1,655,5.14424,7.544,short_circuit,1,short_circuit,1,100,experiment_2
short_circuit_1,656,5.14904,7.5488,short_circuit,1,short_circuit,1,100,experiment_2
short_circuit_1,657,5.15384,7.5536,short_circuit,1,short_circuit,1,100,experiment_2
short_circuit_1,658,5.15864,7.5584,short_circuit,1,short_circuit,1,100,experiment_2
short_circuit_1,659,5.16344,7.5632,short_circuit,1,short_circuit,1,100,experiment_2
short_circuit_1,660,5.16824,7.568,short_circuit,1,short_circuit,1,100,experiment_2
short_circuit_1,661,5.17304,7.5728,short_circuit,1,short_circuit,1,100,experiment_2
short_circuit_1,662,5.17784,7.5776,short_circuit,1,short_circuit,1,100,experiment_2
short_circuit_1,663,5.18264,7.5824,short_circuit,1,short_circuit,1,100,experiment_2
short_circuit_1,664,5.18744,7.5872,short_circuit,1,short_circuit,1,100,experiment_2
short_circuit_1,665,5.19224,7.592,short_circuit,1,short_circuit,1,100,experiment_2
short_circuit_1,666,5.19704,7.5968,short_circuit,1,short_circuit,1,100,experiment_2
short_circuit_1,667,5.20184,7.6016,short_circuit,1,short_circuit,1,100,experiment_2
short_circuit_1,668,5.20664,7.6064,short_circuit,1,short_circuit,1,100,experiment_2
short_circuit_1,669,5.21144,7.6112,short_circuit,1,short_circuit,1,100,experiment_2
short_circuit_1,670,5.21624,7.616,short_circuit,1,short_circuit,1,100,experiment_2
short_circuit_1,671,5.22104,7.6208,short_circuit,1,short_circuit,1,100,experiment_2
short_circuit_1,672,5.22584,7.6256,short_circuit,1,short_circuit,1,100,experiment_2
short_circuit_1,673,5.23064,7.6304,short_circuit,1,short_circuit,1,100,experiment_2
short_circuit_1,674,5.23544,7.6352,short_circuit,1,short_circuit,1,100,experiment_2
short_circuit_1,675,5.24024,7.64,short_circuit,1,short_circuit,1,100,experiment_2
short_circuit_1,676,5.24504,7.6448,short_circuit,1,short_circuit,1,100,experiment_2
short_circuit_1,677,5.24984,7.6496,short_circuit,1,short_circuit,1,100,experiment_2
short_circuit_1,678,5.25464,7.6544,short_circuit,1,short_circuit,1,100,experiment_2
short_circuit_1,679,5.25944,7.6592,short_circuit,1,short_circuit,1,100,experiment_2
short_circuit_1,680,5.26424,7.664,short_circuit,1,short_circuit,1,100,experiment_2
short_circuit_1,681,5.26904,7.6688,short_circuit,1,short_circuit,1,100,experiment_2
short_circuit_1,682,5.27384,7.6736,short_circuit,1,short_circuit,1,100,experiment_2
short_circuit_1,683,5.27864,7.6784,short_circuit,1,short_circuit,1,100,experiment_2
short_circuit_1,684,5.28344,7.6832,short_circuit,1,short_circuit,1,100,experiment_2
short_circuit_1,685,5.28824,7.688,short_circuit,1,short_circuit,1,100,experiment_2
short_circuit_1,686,5.29304,7.6928,short_circuit,1,short_circuit,1,100,experiment_2
short_circuit_1,687,5.29784,7.6976,short_circuit,1,short_circuit,1,100,experiment_2
short_circuit_1,688,5.30264,7.7024,short_circuit,1,short_circuit,1,100,experiment_2
short_circuit_1,689,5.30744,7.7072,short_circuit,1,short_circuit,1,100,experiment_2
short_circuit_1,690,5.31224,7.712,short_circuit,1,short_circuit,1,100,experiment_2
short_circuit_1,691,5.31704,7.7168,short_circuit,1,short_circuit,1,100,experiment_2
short_circuit_1,692,5.32184,7.7216,short_circuit,1,short_circuit,1,100,experiment_2
short_circuit_1,693,5.32664,7.7264,short_circuit,1,short_circuit,1,100,experiment_2
short_circuit_1,694,5.33144,7.7312,short_circuit,1,short_circuit,1,100,experiment_2
short_circuit_1,695,5.33624,7.736,short_circuit,1,short_circuit,1,100,experiment_2
short_circuit_1,696,5.34104,7.7408,short_circuit,1,short_circuit,1,100,experiment_2
short_circuit_1,697,5.34584,7.7456,short_circuit,1,short_circuit,1,100,experiment_2
short_circuit_1,698,5.35064,7.7504,short_circuit,1,short_circuit,1,100,experiment_2
short_circuit_1,699,5.35544,7.7552,short_circuit,1,short_circuit,1,100,experiment_2
short_circuit_1,700,5.36024,7.76,short_circuit,1,short_circuit,1,100,experiment_2
short_circuit_1,701,5.36504,7.7648,short_circuit,1,short_circuit,1,100,experiment_2
short_circuit_1,702,5.36984,7.7696,short_circuit,1,short_circuit,1,100,experiment_2
short_circuit_1,703,5.37464,7.7744,short_circuit,1,short_circuit,1,100,experiment_2
short_circuit_1,704,5.37944,7.7792,short_circuit,1,short_circuit,1,100,experiment_2
short_circuit_1,705,5.38424,7.784,short_circuit,1,short_circuit,1,100,experiment_2
short_circuit_1,706,5.38904,7.7888,short_circuit,1,short_circuit,1,100,experiment_2
short_circuit_1,707,5.39384,7.7936,short_circuit,1,short_circuit,1,100,experiment_2
short_circuit_1,708,5.39864,7.7984,short_circuit,1,short_circuit,1,100,experiment_2
short_circuit_1,709,5.40344,7.8032,short_circuit,1,short_circuit,1,100,experiment_2
short_circuit_1,710,5.40824,7.808,short_circuit,1,short_circuit,1,100,experiment_2
short_circuit_1,711,5.41304,7.8128,short_circuit,1,short_circuit,1,100,experiment_2
short_circuit_1,712,5.41784,7.8176,short_circuit,1,short_circuit,1,100,experiment_2
short_circuit_1,713,5.42264,7.8224,short_circuit,1,short_circuit,1,100,experiment_2
short_circuit_1,714,5.42744,7.8272,short_circuit,1,short_circuit,1,100,experiment_2
short_circuit_1,715,5.43224,7.832,short_circuit,1,short_circuit,1,100,experiment_2
short_circuit_1,716,5.43704,7.8368,short_circuit,1,short_circuit,1,100,experiment_2
short_circuit_1,717,5.44184,7.8416,short_circuit,1,short_circuit,1,100,experiment_2
short_circuit_1,718,5.44664,7.8464,short_circuit,1,short_circuit,1,100,experiment_2
short_circuit_1,719,5.45144,7.8512,short_circuit,1,short_circuit,1,100,experiment_2
short_circuit_1,720,5.45624,7.856,short_circuit,1,short_circuit,1,100,experiment_2
short_circuit_1,721,5.46104,7.8608,short_circuit,1,short_circuit,1,100,experiment_2
short_circuit_1,722,5.46584,7.8656,short_circuit,1,short_circuit,1,100,experiment_2
short_circuit_1,723,5.47064,7.8704,short_circuit,1,short_circuit,1,100,experiment_2
short_circuit_1,724,5.47544,7.8752,short_circuit,1,short_circuit,1,100,experiment_2
short_circuit_1,725,5.48024,7.88,short_circuit,1,short_circuit,1,100,experiment_2
short_circuit_1,726,5.48504,7.8848,short_circuit,1,short_circuit,1,100,experiment_2
short_circuit_1,727,5.48984,7.8896,short_circuit,1,short_circuit,1,100,experiment_2
short_circuit_1,728,5.49464,7.8944,short_circuit,1,short_circuit,1,100,experiment_2
short_circuit_1,729,5.49944,7.8992,short_circuit,1,short_circuit,1,100,experiment_2
short_circuit_1,730,5.50424,7.904,short_circuit,1,short_circuit,1,100,experiment_2
short_circuit_1,731,5.50904,7.9088,short_circuit,1,short_circuit,1,100,experiment_2
short_circuit_1,732,5.51384,7.9136,short_circuit,1,short_circuit,1,100,experiment_2
short_circuit_1,733,5.51864,7.9184,short_circuit,1,short_circuit,1,100,experiment_2
short_circuit_1,734,5.52344,7.9232,short_circuit,1,short_circuit,1,100,experiment_2
short_circuit_1,735,5.52824,7.928,short_circuit,1,short_circuit,1,100,experiment_2
short_circuit_1,736,5.53304,7.9328,short_circuit,1,short_circuit,1,100,experiment_2
short_circuit_1,737,5.53784,7.9376,short_circuit,1,short_circuit,1,100,experiment_2
short_circuit_1,738,5.54264,7.9424,short_circuit,1,short_circuit,1,100,experiment_2
short_circuit_1,739,5.54744,7.9472,short_circuit,1,short_circuit,1,100,experiment_2
short_circuit_1,740,5.55224,7.952,short_circuit,1,short_circuit,1,100,experiment_2
short_circuit_1,741,5.55704,7.9568,short_circuit,1,short_circuit,1,100,experiment_2
short_circuit_1,742,5.56184,7.9616,short_circuit,1,short_circuit,1,100,experiment_2
short_circuit_1,743,5.56664,7.9664,short_circuit,1,short_circuit,1,100,experiment_2
short_circuit_1,744,5.57144,7.9712,short_circuit,1,short_circuit,1,100,experiment_2
short_circuit_1,745,5.57624,7.976,short_circuit,1,short_circuit,1,100,experiment_2
short_circuit_1,746,5.58104,7.9808,short_circuit,1,short_circuit,1,100,experiment_2
short_circuit_1,747,5.58584,7.9856,short_circuit,1,short_circuit,1,100,experiment_2
short_circuit_1,748,5.59064,7.9904,short_circuit,1,short_circuit,1,100,experiment_2
short_circuit_1,749,5.59544,7.9952,short_circuit,1,short_circuit,1,100,experiment_2
short_circuit_1,750,5.60024,8.0,short_circuit,1,short_circuit,1,100,experiment_2
short_circuit_1,751,5.60504,8.0048,short_circuit,1,short_circuit,1,100,experiment_2
short_circuit_1,752,5.60984,8.0096,short_circuit,1,short_circuit,1,100,experiment_2
short_circuit_1,753,5.61464,8.0144,short_circuit,1,short_circuit,1,100,experiment_2
short_circuit_1,754,5.61944,8.0192,short_circuit,1,short_circuit,1,100,experiment_2
short_circuit_1,755,5.62424,8.024,short_circuit,1,short_circuit,1,100,experiment_2
short_circuit_1,756,5.62904,8.0288,short_circuit,1,short_circuit,1,100,experiment_2
short_circuit_1,757,5.63384,8.0336,short_circuit,1,short_circuit,1,100,experiment_2
short_circuit_1,758,5.63864,8.0384,short_circuit,1,short_circuit,1,100,experiment_2
short_circuit_1,759,5.64344,8.0432,short_circuit,1,short_circuit,1,100,experiment_2
short_circuit_1,760,5.64824,8.048,short_circuit,1,short_circuit,1,100,experiment_2
short_circuit_1,761,5.65304,8.0528,short_circuit,1,short_circuit,1,100,experiment_2
short_circuit_1,762,5.65784,8.0576,short_circuit,1,short_circuit,1,100,experiment_2
short_circuit_1,763,5.66264,8.0624,short_circuit,1,short_circuit,1,100,experiment_2
short_circuit_1,764,5.66744,8.0672,short_circuit,1,short_circuit,1,100,experiment_2
short_circuit_1,765,5.67224,8.072,short_circuit,1,short_circuit,1,100,experiment_2
short_circuit_1,766,5.67704,8.0768,short_circuit,1,short_circuit,1,100,experiment_2
short_circuit_1,767,5.68184,8.0816,short_circuit,1,short_circuit,1,100,experiment_2
short_circuit_1,768,5.68664,8.0864,short_circuit,1,short_circuit,1,100,experiment_2
short_circuit_1,769,5.69144,8.0912,short_circuit,1,short_circuit,1,100,experiment_2
short_circuit_1,770,5.69624,8.096,short_circuit,1,short_circuit,1,100,experiment_2
short_circuit_1,771,5.70104,8.1008,short_circuit,1,short_circuit,1,100,experiment_2
short_circuit_1,772,5.70584,8.1056,short_circuit,1,short_circuit,1,100,experiment_2
short_circuit_1,773,5.71064,8.1104,short_circuit,1,short_circuit,1,100,experiment_2
short_circuit_1,774,5.71544,8.1152,short_circuit,1,short_circuit,1,100,experiment_2
short_circuit_1,775,5.72024,8.12,short_circuit,1,short_circuit,1,100,experiment_2
short_circuit_1,776,5.72504,8.1248,short_circuit,1,short_circuit,1,100,experiment_2
short_circuit_1,777,5.72984,8.1296,short_circuit,1,short_circuit,1,100,experiment_2
short_circuit_1,778,5.73464,8.1344,short_circuit,1,short_circuit,1,100,experiment_2
short_circuit_1,779,5.73944,8.1392,short_circuit,1,short_circuit,1,100,experiment_2
short_circuit_1,780,5.74424,8.144,short_circuit,1,short_circuit,1,100,experiment_2
short_circuit_1,781,5.74904,8.1488,short_circuit,1,short_circuit,1,100,experiment_2
short_circuit_1,782,5.75384,8.1536,short_circuit,1,short_circuit,1,100,experiment_2
short_circuit_1,783,5.75864,8.1584,short_circuit,1,short_circuit,1,100,experiment_2
short_circuit_1,784,5.76344,8.1632,short_circuit,1,short_circuit,1,100,experiment_2
short_circuit_1,785,5.76824,8.168,short_circuit,1,short_circuit,1,100,experiment_2
short_circuit_1,786,5.77304,8.1728,short_circuit,1,short_circuit,1,100,experiment_2
short_circuit_1,787,5.77784,8.1776,short_circuit,1,short_circuit,1,100,experiment_2
short_circuit_1,788,5.78264,8.1824,short_circuit,1,short_circuit,1,100,experiment_2
short_circuit_1,789,5.78744,8.1872,short_circuit,1,short_circuit,1,100,experiment_2
short_circuit_1,790,5.79224,8.192,short_circuit,1,short_circuit,1,100,experiment_2
short_circuit_1,791,5.79704,8.1968,short_circuit,1,short_circuit,1,100,experiment_2
short_circuit_1,792,5.80184,8.2016,short_circuit,1,short_circuit,1,100,experiment_2
short_circuit_1,793,5.80664,8.2064,short_circuit,1,short_circuit,1,100,experiment_2
short_circuit_1,794,5.81144,8.2112,short_circuit,1,short_circuit,1,100,experiment_2
short_circuit_1,795,5.81624,8.216,short_circuit,1,short_circuit,1,100,experiment_2
short_circuit_1,796,5.82104,8.2208,short_circuit,1,short_circuit,1,100,experiment_2
short_circuit_1,797,5.82584,8.2256,short_circuit,1,short_circuit,1,100,experiment_2
short_circuit_1,798,5.83064,8.2304,short_circuit,1,short_circuit,1,100,experiment_2
short_circuit_1,799,5.83544,8.2352,short_circuit,1,short_circuit,1,100,experiment_2
short_circuit_1,800,5.84024,8.24,short_circuit,1,short_circuit,1,100,experiment_2
short_circuit_1,801,5.84504,8.2448,short_circuit,1,short_circuit,1,100,experiment_2
short_circuit_1,802,5.84984,8.2496,short_circuit,1,short_circuit,1,100,experiment_2
short_circuit_1,803,5.85464,8.2544,short_circuit,1,short_circuit,1,100,experiment_2
short_circuit_1,804,5.85944,8.2592,short_circuit,1,short_circuit,1,100,experiment_2
short_circuit_1,805,5.86424,8.264,short_circuit,1,short_circuit,1,100,experiment_2
short_circuit_1,806,5.86904,8.2688,short_circuit,1,short_circuit,1,100,experiment_2
short_circuit_1,807,5.87384,8.2736,short_circuit,1,short_circuit,1,100,experiment_2
short_circuit_1,808,5.87864,8.2784,short_circuit,1,short_circuit,1,100,experiment_2
short_circuit_1,809,5.88344,8.2832,short_circuit,1,short_circuit,1,100,experiment_2
short_circuit_1,810,5.88824,8.288,short_circuit,1,short_circuit,1,100,experiment_2
short_circuit_1,811,5.89304,8.2928,short_circuit,1,short_circuit,1,100,experiment_2
short_circuit_1,812,5.89784,8.2976,short_circuit,1,short_circuit,1,100,experiment_2
short_circuit_1,813,5.90264,8.3024,short_circuit,1,short_circuit,1,100,experiment_2
short_circuit_1,814,5.90744,8.3072,short_circuit,1,short_circuit,1,100,experiment_2
short_circuit_1,815,5.91224,8.312,short_circuit,1,short_circuit,1,100,experiment_2
short_circuit_1,816,5.91704,8.3168,short_circuit,1,short_circuit,1,100,experiment_2
short_circuit_1,817,5.92184,8.3216,short_circuit,1,short_circuit,1,100,experiment_2
short_circuit_1,818,5.92664,8.3264,short_circuit,1,short_circuit,1,100,experiment_2
short_circuit_1,819,5.93144,8.3312,short_circuit,1,short_circuit,1,100,experiment_2
short_circuit_1,820,5.93624,8.336,short_circuit,1,short_circuit,1,100,experiment_2
short_circuit_1,821,5.94104,8.3408,short_circuit,1,short_circuit,1,100,experiment_2
short_circuit_1,822,5.94584,8.3456,short_circuit,1,short_circuit,1,100,experiment_2
short_circuit_1,823,5.95064,8.3504,short_circuit,1,short_circuit,1,100,experiment_2
short_circuit_1,824,5.95544,8.3552,short_circuit,1,short_circuit,1,100,experiment_2
short_circuit_1,825,5.96024,8.36,short_circuit,1,short_circuit,1,100,experiment_2
short_circuit_1,826,5.96504,8.3648,short_circuit,1,short_circuit,1,100,experiment_2
short_circuit_1,827,5.96984,8.3696,short_circuit,1,short_circuit,1,100,experiment_2
short_circuit_1,828,5.97464,8.3744,short_circuit,1,short_circuit,1,100,experiment_2
short_circuit_1,829,5.97944,8.3792,short_circuit,1,short_circuit,1,100,experiment_2
short_circuit_1,830,5.98424,8.384,short_circuit,1,short_circuit,1,100,experiment_2
short_circuit_1,831,5.98904,8.3888,short_circuit,1,short_circuit,1,100,experiment_2
short_circuit_1,832,5.99384,8.3936,short_circuit,1,short_circuit,1,100,experiment_2
short_circuit_1,833,5.99864,8.3984,short_circuit,1,short_circuit,1,100,experiment_2
short_circuit_1,834,6.00344,8.4032,short_circuit,1,short_circuit,1,100,experiment_2
short_circuit_1,835,6.00824,8.408,short_circuit,1,short_circuit,1,100,experiment_2
short_circuit_1,836,6.01304,8.4128,short_circuit,1,short_circuit,1,100,experiment_2
short_circuit_1,837,6.01784,8.4176,short_circuit,1,short_circuit,1,100,experiment_2
short_circuit_1,838,6.02264,8.4224,short_circuit,1,short_circuit,1,100,experiment_2
short_circuit_1,839,6.02744,8.4272,short_circuit,1,short_circuit,1,100,experiment_2
short_circuit_1,840,6.03224,8.432,short_circuit,1,short_circuit,1,100,experiment_2
short_circuit_1,841,6.03704,8.4368,short_circuit,1,short_circuit,1,100,experiment_2
short_circuit_1,842,6.04184,8.4416,short_circuit,1,short_circuit,1,100,experiment_2
short_circuit_1,843,6.04664,8.4464,short_circuit,1,short_circuit,1,100,experiment_2
short_circuit_1,844,6.05144,8.4512,short_circuit,1,short_circuit,1,100,experiment_2
short_circuit_1,845,6.05624,8.456,short_circuit,1,short_circuit,1,100,experiment_2
short_circuit_1,846,6.06104,8.4608,short_circuit,1,short_circuit,1,100,experiment_2
short_circuit_1,847,6.06584,8.4656,short_circuit,1,short_circuit,1,100,experiment_2
short_circuit_1,848,6.07064,8.4704,short_circuit,1,short_circuit,1,100,experiment_2
short_circuit_1,849,6.07544,8.4752,short_circuit,1,short_circuit,1,100,experiment_2
short_circuit_1,850,6.08024,8.48,short_circuit,1,short_circuit,1,100,experiment_2
short_circuit_1,851,6.08504,8.4848,short_circuit,1,short_circuit,1,100,experiment_2
short_circuit_1,852,6.08984,8.4896,short_circuit,1,short_circuit,1,100,experiment_2
short_circuit_1,853,6.09464,8.4944,short_circuit,1,short_circuit,1,100,experiment_2
short_circuit_1,854,6.09944,8.4992,short_circuit,1,short_circuit,1,100,experiment_2
short_circuit_1,855,6.10424,8.504,short_circuit,1,short_circuit,1,100,experiment_2
short_circuit_1,856,6.10904,8.5088,short_circuit,1,short_circuit,1,100,experiment_2
short_circuit_1,857,6.11384,8.5136,short_circuit,1,short_circuit,1,100,experiment_2
short_circuit_1,858,6.11864,8.5184,short_circuit,1,short_circuit,1,100,experiment_2
short_circuit_1,859,6.12344,8.5232,short_circuit,1,short_circuit,1,100,experiment_2
short_circuit_1,860,6.12824,8.528,short_circuit,1,short_circuit,1,100,experiment_2
short_circuit_1,861,6.13304,8.5328,short_circuit,1,short_circuit,1,100,experiment_2
short_circuit_1,862,6.13784,8.5376,short_circuit,1,short_circuit,1,100,experiment_2
short_circuit_1,863,6.14264,8.5424,short_circuit,1,short_circuit,1,100,experiment_2
short_circuit_1,864,6.14744,8.5472,short_circuit,1,short_circuit,1,100,experiment_2
short_circuit_1,865,6.15224,8.552,short_circuit,1,short_circuit,1,100,experiment_2
short_circuit_1,866,6.15704,8.5568,short_circuit,1,short_circuit,1,100,experiment_2
short_circuit_1,867,6.16184,8.5616,short_circuit,1,short_circuit,1,100,experiment_2
short_circuit_1,868,6.16664,8.5664,short_circuit,1,short_circuit,1,100,experiment_2
short_circuit_1,869,6.17144,8.5712,short_circuit,1,short_circuit,1,100,experiment_2
short_circuit_1,870,6.17624,8.576,short_circuit,1,short_circuit,1,100,experiment_2
short_circuit_1,871,6.18104,8.5808,short_circuit,1,short_circuit,1,100,experiment_2
short_circuit_1,872,6.18584,8.5856,short_circuit,1,short_circuit,1,100,experiment_2
short_circuit_1,873,6.19064,8.5904,short_circuit,1,short_circuit,1,100,experiment_2
short_circuit_1,874,6.19544,8.5952,short_circuit,1,short_circuit,1,100,experiment_2
short_circuit_1,875,6.20024,8.6,short_circuit,1,short_circuit,1,100,experiment_2
short_circuit_1,876,6.20504,8.6048,short_circuit,1,short_circuit,1,100,experiment_2
short_circuit_1,877,6.20984,8.6096,short_circuit,1,short_circuit,1,100,experiment_2
short_circuit_1,878,6.21464,8.6144,short_circuit,1,short_circuit,1,100,experiment_2
short_circuit_1,879,6.21944,8.6192,short_circuit,1,short_circuit,1,100,experiment_2
short_circuit_1,880,6.22424,8.624,short_circuit,1,short_circuit,1,100,experiment_2
short_circuit_1,881,6.22904,8.6288,short_circuit,1,short_circuit,1,100,experiment_2
short_circuit_1,882,6.23384,8.6336,short_circuit,1,short_circuit,1,100,experiment_2
short_circuit_1,883,6.23864,8.6384,short_circuit,1,short_circuit,1,100,experiment_2
short_circuit_1,884,6.24344,8.6432,short_circuit,1,short_circuit,1,100,experiment_2
short_circuit_1,885,6.24824,8.648,short_circuit,1,short_circuit,1,100,experiment_2
short_circuit_1,886,6.25304,8.6528,short_circuit,1,short_circuit,1,100,experiment_2
short_circuit_1,887,6.25784,8.6576,short_circuit,1,short_circuit,1,100,experiment_2
short_circuit_1,888,6.26264,8.6624,short_circuit,1,short_circuit,1,100,experiment_2
short_circuit_1,889,6.26744,8.6672,short_circuit,1,short_circuit,1,100,experiment_2
short_circuit_1,890,6.27224,8.672,short_circuit,1,short_circuit,1,100,experiment_2
short_circuit_1,891,6.27704,8.6768,short_circuit,1,short_circuit,1,100,experiment_2
short_circuit_1,892,6.28184,8.6816,short_circuit,1,short_circuit,1,100,experiment_2
short_circuit_1,893,6.28664,8.6864,short_circuit,1,short_circuit,1,100,experiment_2
short_circuit_1,894,6.29144,8.6912,short_circuit,1,short_circuit,1,100,experiment_2
short_circuit_1,895,6.29624,8.696,short_circuit,1,short_circuit,1,100,experiment_2
short_circuit_1,896,6.30104,8.7008,short_circuit,1,short_circuit,1,100,experiment_2
short_circuit_1,897,6.30584,8.7056,short_circuit,1,short_circuit,1,100,experiment_2
short_circuit_1,898,6.31064,8.7104,short_circuit,1,short_circuit,1,100,experiment_2
short_circuit_1,899,6.31544,8.7152,short_circuit,1,short_circuit,1,100,experiment_2
short_circuit_1,900,6.32024,8.72,short_circuit,1,short_circuit,1,100,experiment_2
short_circuit_1,901,6.32504,8.7248,short_circuit,1,short_circuit,1,100,experiment_2
short_circuit_1,902,6.32984,8.7296,short_circuit,1,short_circuit,1,100,experiment_2
short_circuit_1,903,6.33464,8.7344,short_circuit,1,short_circuit,1,100,experiment_2
short_circuit_1,904,6.33944,8.7392,short_circuit,1,short_circuit,1,100,experiment_2
short_circuit_1,905,6.34424,8.744,short_circuit,1,short_circuit,1,100,experiment_2
short_circuit_1,906,6.34904,8.7488,short_circuit,1,short_circuit,1,100,experiment_2
short_circuit_1,907,6.35384,8.7536,short_circuit,1,short_circuit,1,100,experiment_2
short_circuit_1,908,6.35864,8.7584,short_circuit,1,short_circuit,1,100,experiment_2
short_circuit_1,909,6.36344,8.7632,short_circuit,1,short_circuit,1,100,experiment_2
short_circuit_1,910,6.36824,8.768,short_circuit,1,short_circuit,1,100,experiment_2
short_circuit_1,911,6.37304,8.7728,short_circuit,1,short_circuit,1,100,experiment_2
short_circuit_1,912,6.37784,8.7776,short_circuit,1,short_circuit,1,100,experiment_2
short_circuit_1,913,6.38264,8.7824,short_circuit,1,short_circuit,1,100,experiment_2
short_circuit_1,914,6.38744,8.7872,short_circuit,1,short_circuit,1,100,experiment_2
short_circuit_1,915,6.39224,8.792,short_circuit,1,short_circuit,1,100,experiment_2
short_circuit_1,916,6.39704,8.7968,short_circuit,1,short_circuit,1,100,experiment_2
short_circuit_1,917,6.40184,8.8016,short_circuit,1,short_circuit,1,100,experiment_2
short_circuit_1,918,6.40664,8.8064,short_circuit,1,short_circuit,1,100,experiment_2
short_circuit_1,919,6.41144,8.8112,short_circuit,1,short_circuit,1,100,experiment_2
short_circuit_1,920,6.41624,8.816,short_circuit,1,short_circuit,1,100,experiment_2
short_circuit_1,921,6.42104,8.8208,short_circuit,1,short_circuit,1,100,experiment_2
short_circuit_1,922,6.42584,8.8256,short_circuit,1,short_circuit,1,100,experiment_2
short_circuit_1,923,6.43064,8.8304,short_circuit,1,short_circuit,1,100,experiment_2
short_circuit_1,924,6.43544,8.8352,short_circuit,1,short_circuit,1,100,experiment_2
short_circuit_1,925,6.44024,8.84,short_circuit,1,short_circuit,1,100,experiment_2
short_circuit_1,926,6.44504,8.8448,short_circuit,1,short_circuit,1,100,experiment_2
short_circuit_1,927,6.44984,8.8496,short_circuit,1,short_circuit,1,100,experiment_2
short_circuit_1,928,6.45464,8.8544,short_circuit,1,short_circuit,1,100,experiment_2
short_circuit_1,929,6.45944,8.8592,short_circuit,1,short_circuit,1,100,experiment_2
short_circuit_1,930,6.46424,8.864,short_circuit,1,short_circuit,1,100,experiment_2
short_circuit_1,931,6.46904,8.8688,short_circuit,1,short_circuit,1,100,experiment_2
short_circuit_1,932,6.47384,8.8736,short_circuit,1,short_circuit,1,100,experiment_2
short_circuit_1,933,6.47864,8.8784,short_circuit,1,short_circuit,1,100,experiment_2
short_circuit_1,934,6.48344,8.8832,short_circuit,1,short_circuit,1,100,experiment_2
short_circuit_1,935,6.48824,8.888,short_circuit,1,short_circuit,1,100,experiment_2
short_circuit_1,936,6.49304,8.8928,short_circuit,1,short_circuit,1,100,experiment_2
short_circuit_1,937,6.49784,8.8976,short_circuit,1,short_circuit,1,100,experiment_2
short_circuit_1,938,6.50264,8.9024,short_circuit,1,short_circuit,1,100,experiment_2
short_circuit_1,939,6.50744,8.9072,short_circuit,1,short_circuit,1,100,experiment_2
short_circuit_1,940,6.51224,8.912,short_circuit,1,short_circuit,1,100,experiment_2
short_circuit_1,941,6.51704,8.9168,short_circuit,1,short_circuit,1,100,experiment_2
short_circuit_1,942,6.52184,8.9216,short_circuit,1,short_circuit,1,100,experiment_2
short_circuit_1,943,6.52664,8.9264,short_circuit,1,short_circuit,1,100,experiment_2
short_circuit_1,944,6.53144,8.9312,short_circuit,1,short_circuit,1,100,experiment_2
short_circuit_1,945,6.53624,8.936,short_circuit,1,short_circuit,1,100,experiment_2
short_circuit_1,946,6.54104,8.9408,short_circuit,1,short_circuit,1,100,experiment_2
short_circuit_1,947,6.54584,8.9456,short_circuit,1,short_circuit,1,100,experiment_2
short_circuit_1,948,6.55064,8.9504,short_circuit,1,short_circuit,1,100,experiment_2
short_circuit_1,949,6.55544,8.9552,short_circuit,1,short_circuit,1,100,experiment_2
short_circuit_1,950,6.56024,8.96,short_circuit,1,short_circuit,1,100,experiment_2
short_circuit_1,951,6.56504,8.9648,short_circuit,1,short_circuit,1,100,experiment_2
short_circuit_1,952,6.56984,8.9696,short_circuit,1,short_circuit,1,100,experiment_2
short_circuit_1,953,6.57464,8.9744,short_circuit,1,short_circuit,1,100,experiment_2
short_circuit_1,954,6.57944,8.9792,short_circuit,1,short_circuit,1,100,experiment_2
short_circuit_1,955,6.58424,8.984,short_circuit,1,short_circuit,1,100,experiment_2
short_circuit_1,956,6.58904,8.9888,short_circuit,1,short_circuit,1,100,experiment_2
short_circuit_1,957,6.59384,8.9936,short_circuit,1,short_circuit,1,100,experiment_2
short_circuit_1,958,6.59864,8.9984,short_circuit,1,short_circuit,1,100,experiment_2
short_circuit_1,959,6.60344,9.0032,short_circuit,1,short_circuit,1,100,experiment_2
short_circuit_1,960,6.60824,9.008,short_circuit,1,short_circuit,1,100,experiment_2
short_circuit_1,961,6.61304,9.0128,short_circuit,1,short_circuit,1,100,experiment_2
short_circuit_1,962,6.61784,9.0176,short_circuit,1,short_circuit,1,100,experiment_2
short_circuit_1,963,6.62264,9.0224,short_circuit,1,short_circuit,1,100,experiment_2
short_circuit_1,964,6.62744,9.0272,short_circuit,1,short_circuit,1,100,experiment_2
short_circuit_1,965,6.63224,9.032,short_circuit,1,short_circuit,1,100,experiment_2
short_circuit_1,966,6.63704,9.0368,short_circuit,1,short_circuit,1,100,experiment_2
short_circuit_1,967,6.64184,9.0416,short_circuit,1,short_circuit,1,100,experiment_2
short_circuit_1,968,6.64664,9.0464,short_circuit,1,short_circuit,1,100,experiment_2
short_circuit_1,969,6.65144,9.0512,short_circuit,1,short_circuit,1,100,experiment_2
short_circuit_1,970,6.65624,9.056,short_circuit,1,short_circuit,1,100,experiment_2
short_circuit_1,971,6.66104,9.0608,short_circuit,1,short_circuit,1,100,experiment_2
short_circuit_1,972,6.66584,9.0656,short_circuit,1,short_circuit,1,100,experiment_2
short_circuit_1,973,6.67064,9.0704,short_circuit,1,short_circuit,1,100,experiment_2
short_circuit_1,974,6.67544,9.0752,short_circuit,1,short_circuit,1,100,experiment_2
short_circuit_1,975,6.68024,9.08,short_circuit,1,short_circuit,1,100,experiment_2
short_circuit_1,976,6.68504,9.0848,short_circuit,1,short_circuit,1,100,experiment_2
short_circuit_1,977,6.68984,9.0896,short_circuit,1,short_circuit,1,100,experiment_2
short_circuit_1,978,6.69464,9.0944,short_circuit,1,short_circuit,1,100,experiment_2
short_circuit_1,979,6.69944,9.0992,short_circuit,1,short_circuit,1,100,experiment_2
short_circuit_1,980,6.70424,9.104,short_circuit,1,short_circuit,1,100,experiment_2
short_circuit_1,981,6.70904,9.1088,short_circuit,1,short_circuit,1,100,experiment_2
short_circuit_1,982,6.71384,9.1136,short_circuit,1,short_circuit,1,100,experiment_2
short_circuit_1,983,6.71864,9.1184,short_circuit,1,short_circuit,1,100,experiment_2
short_circuit_1,984,6.72344,9.1232,short_circuit,1,short_circuit,1,100,experiment_2
short_circuit_1,985,6.72824,9.128,short_circuit,1,short_circuit,1,100,experiment_2
short_circuit_1,986,6.73304,9.1328,short_circuit,1,short_circuit,1,100,experiment_2
short_circuit_1,987,6.73784,9.1376,short_circuit,1,short_circuit,1,100,experiment_2
short_circuit_1,988,6.74264,9.1424,short_circuit,1,short_circuit,1,100,experiment_2
short_circuit_1,989,6.74744,9.1472,short_circuit,1,short_circuit,1,100,experiment_2
short_circuit_1,990,6.75224,9.152,short_circuit,1,short_circuit,1,100,experiment_2
short_circuit_1,991,6.75704,9.1568,short_circuit,1,short_circuit,1,100,experiment_2
short_circuit_1,992,6.76184,9.1616,short_circuit,1,short_circuit,1,100,experiment_2
short_circuit_1,993,6.76664,9.1664,short_circuit,1,short_circuit,1,100,experiment_2
short_circuit_1,994,6.77144,9.1712,short_circuit,1,short_circuit,1,100,experiment_2
short_circuit_1,995,6.77624,9.176,short_circuit,1,short_circuit,1,100,experiment_2
short_circuit_1,996,6.78104,9.1808,short_circuit,1,short_circuit,1,100,experiment_2
short_circuit_1,997,6.78584,9.1856,short_circuit,1,short_circuit,1,100,experiment_2
short_circuit_1,998,6.79064,9.1904,short_circuit,1,short_circuit,1,100,experiment_2
short_circuit_1,999,6.79544,9.1952,short_circuit,1,short_circuit,1,100,experiment_2
short_circuit_1,1000,6.80024,9.2,short_circuit,1,short_circuit,1,100,experiment_2
short_circuit_1,1001,6.80504,9.2048,short_circuit,1,short_circuit,1,100,experiment_2
short_circuit_1,1002,6.80984,9.2096,short_circuit,1,short_circuit,1,100,experiment_2
short_circuit_1,1003,6.81464,9.2144,short_circuit,1,short_circuit,1,100,experiment_2
short_circuit_1,1004,6.81944,9.2192,short_circuit,1,short_circuit,1,100,experiment_2
short_circuit_1,1005,6.82424,9.224,short_circuit,1,short_circuit,1,100,experiment_2
short_circuit_1,1006,6.82904,9.2288,short_circuit,1,short_circuit,1,100,experiment_2
short_circuit_1,1007,6.83384,9.2336,short_circuit,1,short_circuit,1,100,experiment_2
short_circuit_1,1008,6.83864,9.2384,short_circuit,1,short_circuit,1,100,experiment_2
short_circuit_1,1009,6.84344,9.2432,short_circuit,1,short_circuit,1,100,experiment_2
short_circuit_1,1010,6.84824,9.248,short_circuit,1,short_circuit,1,100,experiment_2
short_circuit_1,1011,6.85304,9.2528,short_circuit,1,short_circuit,1,100,experiment_2
short_circuit_1,1012,6.85784,9.2576,short_circuit,1,short_circuit,1,100,experiment_2
short_circuit_1,1013,6.86264,9.2624,short_circuit,1,short_circuit,1,100,experiment_2
short_circuit_1,1014,6.86744,9.2672,short_circuit,1,short_circuit,1,100,experiment_2
short_circuit_1,1015,6.87224,9.272,short_circuit,1,short_circuit,1,100,experiment_2
short_circuit_1,1016,6.87704,9.2768,short_circuit,1,short_circuit,1,100,experiment_2
short_circuit_1,1017,6.88184,9.2816,short_circuit,1,short_circuit,1,100,experiment_2
short_circuit_1,1018,6.88664,9.2864,short_circuit,1,short_circuit,1,100,experiment_2
short_circuit_1,1019,6.89144,9.2912,short_circuit,1,short_circuit,1,100,experiment_2
short_circuit_1,1020,6.89624,9.296,short_circuit,1,short_circuit,1,100,experiment_2
short_circuit_1,1021,6.90104,9.3008,short_circuit,1,short_circuit,1,100,experiment_2
short_circuit_1,1022,6.90584,9.3056,short_circuit,1,short_circuit,1,100,experiment_2
short_circuit_1,1023,6.91064,9.3104,short_circuit,1,short_circuit,1,100,experiment_2
short_circuit_1,1024,6.91544,9.3152,short_circuit,1,short_circuit,1,100,experiment_2
short_circuit_1,1025,6.92024,9.32,short_circuit,1,short_circuit,1,100,experiment_2
short_circuit_1,1026,6.92504,9.3248,short_circuit,1,short_circuit,1,100,experiment_2
short_circuit_1,1027,6.92984,9.3296,short_circuit,1,short_circuit,1,100,experiment_2
short_circuit_1,1028,6.93464,9.3344,short_circuit,1,short_circuit,1,100,experiment_2
short_circuit_1,1029,6.93944,9.3392,short_circuit,1,short_circuit,1,100,experiment_2
short_circuit_1,1030,6.94424,9.344,short_circuit,1,short_circuit,1,100,experiment_2
short_circuit_1,1031,6.94904,9.3488,short_circuit,1,short_circuit,1,100,experiment_2
short_circuit_1,1032,6.95384,9.3536,short_circuit,1,short_circuit,1,100,experiment_2
short_circuit_1,1033,6.95864,9.3584,short_circuit,1,short_circuit,1,100,experiment_2
short_circuit_1,1034,6.96344,9.3632,short_circuit,1,short_circuit,1,100,experiment_2
short_circuit_1,1035,6.96824,9.368,short_circuit,1,short_circuit,1,100,experiment_2
short_circuit_1,1036,6.97304,9.3728,short_circuit,1,short_circuit,1,100,experiment_2
short_circuit_1,1037,6.97784,9.3776,short_circuit,1,short_circuit,1,100,experiment_2
short_circuit_1,1038,6.98264,9.3824,short_circuit,1,short_circuit,1,100,experiment_2
short_circuit_1,1039,6.98744,9.3872,short_circuit,1,short_circuit,1,100,experiment_2
short_circuit_1,1040,6.99224,9.392,short_circuit,1,short_circuit,1,100,experiment_2
short_circuit_1,1041,6.99704,9.3968,short_circuit,1,short_circuit,1,100,experiment_2
short_circuit_1,1042,7.00184,9.4016,short_circuit,1,short_circuit,1,100,experiment_2
short_circuit_1,1043,7.00664,9.4064,short_circuit,1,short_circuit,1,100,experiment_2
short_circuit_1,1044,7.01144,9.4112,short_circuit,1,short_circuit,1,100,experiment_2
short_circuit_1,1045,7.01624,9.416,short_circuit,1,short_circuit,1,100,experiment_2
short_circuit_1,1046,7.02104,9.4208,short_circuit,1,short_circuit,1,100,experiment_2
short_circuit_1,1047,7.02584,9.4256,short_circuit,1,short_circuit,1,100,experiment_2
short_circuit_1,1048,7.03064,9.4304,short_circuit,1,short_circuit,1,100,experiment_2
short_circuit_1,1049,7.03544,9.4352,short_circuit,1,short_circuit,1,100,experiment_2
short_circuit_1,1050,7.04024,9.44,short_circuit,1,short_circuit,1,100,experiment_2
short_circuit_1,1051,7.04504,9.4448,short_circuit,1,short_circuit,1,100,experiment_2
short_circuit_1,1052,7.04984,9.4496,short_circuit,1,short_circuit,1,100,experiment_2
short_circuit_1,1053,7.05464,9.4544,short_circuit,1,short_circuit,1,100,experiment_2
short_circuit_1,1054,7.05944,9.4592,short_circuit,1,short_circuit,1,100,experiment_2
short_circuit_1,1055,7.06424,9.464,short_circuit,1,short_circuit,1,100,experiment_2
short_circuit_1,1056,7.06904,9.4688,short_circuit,1,short_circuit,1,100,experiment_2
short_circuit_1,1057,7.07384,9.4736,short_circuit,1,short_circuit,1,100,experiment_2
short_circuit_1,1058,7.07864,9.4784,short_circuit,1,short_circuit,1,100,experiment_2
short_circuit_1,1059,7.08344,9.4832,short_circuit,1,short_circuit,1,100,experiment_2
short_circuit_1,1060,7.08824,9.488,short_circuit,1,short_circuit,1,100,experiment_2
short_circuit_1,1061,7.09304,9.4928,short_circuit,1,short_circuit,1,100,experiment_2
short_circuit_1,1062,7.09784,9.4976,short_circuit,1,short_circuit,1,100,experiment_2
short_circuit_1,1063,7.10264,9.5024,short_circuit,1,short_circuit,1,100,experiment_2
short_circuit_1,1064,7.10744,9.5072,short_circuit,1,short_circuit,1,100,experiment_2
short_circuit_1,1065,7.11224,9.512,short_circuit,1,short_circuit,1,100,experiment_2
short_circuit_1,1066,7.11704,9.5168,short_circuit,1,short_circuit,1,100,experiment_2
short_circuit_1,1067,7.12184,9.5216,short_circuit,1,short_circuit,1,100,experiment_2
short_circuit_1,1068,7.12664,9.5264,short_circuit,1,short_circuit,1,100,experiment_2
short_circuit_1,1069,7.13144,9.5312,short_circuit,1,short_circuit,1,100,experiment_2
short_circuit_1,1070,7.13624,9.536,short_circuit,1,short_circuit,1,100,experiment_2
short_circuit_1,1071,7.14104,9.5408,short_circuit,1,short_circuit,1,100,experiment_2
short_circuit_1,1072,7.14584,9.5456,short_circuit,1,short_circuit,1,100,experiment_2
short_circuit_1,1073,7.15064,9.5504,short_circuit,1,short_circuit,1,100,experiment_2
short_circuit_1,1074,7.15544,9.5552,short_circuit,1,short_circuit,1,100,experiment_2
short_circuit_1,1075,7.16024,9.56,short_circuit,1,short_circuit,1,100,experiment_2
short_circuit_1,1076,7.16504,9.5648,short_circuit,1,short_circuit,1,100,experiment_2
short_circuit_1,1077,7.16984,9.5696,short_circuit,1,short_circuit,1,100,experiment_2
short_circuit_1,1078,7.17464,9.5744,short_circuit,1,short_circuit,1,100,experiment_2
short_circuit_1,1079,7.17944,9.5792,short_circuit,1,short_circuit,1,100,experiment_2
short_circuit_1,1080,7.18424,9.584,short_circuit,1,short_circuit,1,100,experiment_2
short_circuit_1,1081,7.18904,9.5888,short_circuit,1,short_circuit,1,100,experiment_2
short_circuit_1,1082,7.19384,9.5936,short_circuit,1,short_circuit,1,100,experiment_2
short_circuit_1,1083,7.19864,9.5984,short_circuit,1,short_circuit,1,100,experiment_2
short_circuit_1,1084,7.20344,9.6032,short_circuit,1,short_circuit,1,100,experiment_2
short_circuit_1,1085,7.20824,9.608,short_circuit,1,short_circuit,1,100,experiment_2
short_circuit_1,1086,7.21304,9.6128,short_circuit,1,short_circuit,1,100,experiment_2
short_circuit_1,1087,7.21784,9.6176,short_circuit,1,short_circuit,1,100,experiment_2
short_circuit_1,1088,7.22264,9.6224,short_circuit,1,short_circuit,1,100,experiment_2
short_circuit_1,1089,7.22744,9.6272,short_circuit,1,short_circuit,1,100,experiment_2
short_circuit_1,1090,7.23224,9.632,short_circuit,1,short_circuit,1,100,experiment_2
short_circuit_1,1091,7.23704,9.6368,short_circuit,1,short_circuit,1,100,experiment_2
short_circuit_1,1092,7.24184,9.6416,short_circuit,1,short_circuit,1,100,experiment_2
short_circuit_1,1093,7.24664,9.6464,short_circuit,1,short_circuit,1,100,experiment_2
short_circuit_1,1094,7.25144,9.6512,short_circuit,1,short_circuit,1,100,experiment_2
short_circuit_1,1095,7.25624,9.656,short_circuit,1,short_circuit,1,100,experiment_2
short_circuit_1,1096,7.26104,9.6608,short_circuit,1,short_circuit,1,100,experiment_2
short_circuit_1,1097,7.26584,9.6656,short_circuit,1,short_circuit,1,100,experiment_2
short_circuit_1,1098,7.27064,9.6704,short_circuit,1,short_circuit,1,100,experiment_2
short_circuit_1,1099,7.27544,9.6752,short_circuit,1,short_circuit,1,100,experiment_2
short_circuit_1,1100,7.28024,9.68,short_circuit,1,short_circuit,1,100,experiment_2
short_circuit_1,1101,7.28504,9.6848,short_circuit,1,short_circuit,1,100,experiment_2
short_circuit_1,1102,7.28984,9.6896,short_circuit,1,short_circuit,1,100,experiment_2
short_circuit_1,1103,7.29464,9.6944,short_circuit,1,short_circuit,1,100,experiment_2
short_circuit_1,1104,7.29944,9.6992,short_circuit,1,short_circuit,1,100,experiment_2
short_circuit_1,1105,7.30424,9.704,short_circuit,1,short_circuit,1,100,experiment_2
short_circuit_1,1106,7.30904,9.7088,short_circuit,1,short_circuit,1,100,experiment_2
short_circuit_1,1107,7.31384,9.7136,short_circuit,1,short_circuit,1,100,experiment_2
short_circuit_1,1108,7.31864,9.7184,short_circuit,1,short_circuit,1,100,experiment_2
short_circuit_1,1109,7.32344,9.7232,short_circuit,1,short_circuit,1,100,experiment_2
short_circuit_1,1110,7.32824,9.728,short_circuit,1,short_circuit,1,100,experiment_2
short_circuit_1,1111,7.33304,9.7328,short_circuit,1,short_circuit,1,100,experiment_2
short_circuit_1,1112,7.33784,9.7376,short_circuit,1,short_circuit,1,100,experiment_2
short_circuit_1,1113,7.34264,9.7424,short_circuit,1,short_circuit,1,100,experiment_2
short_circuit_1,1114,7.34744,9.7472,short_circuit,1,short_circuit,1,100,experiment_2
short_circuit_1,1115,7.35224,9.752,short_circuit,1,short_circuit,1,100,experiment_2
short_circuit_1,1116,7.35704,9.7568,short_circuit,1,short_circuit,1,100,experiment_2
short_circuit_1,1117,7.36184,9.7616,short_circuit,1,short_circuit,1,100,experiment_2
short_circuit_1,1118,7.36664,9.7664,short_circuit,1,short_circuit,1,100,experiment_2
short_circuit_1,1119,7.37144,9.7712,short_circuit,1,short_circuit,1,100,experiment_2
short_circuit_1,1120,7.37624,9.776,short_circuit,1,short_circuit,1,100,experiment_2
short_circuit_1,1121,7.38104,9.7808,short_circuit,1,short_circuit,1,100,experiment_2
short_circuit_1,1122,7.38584,9.7856,short_circuit,1,short_circuit,1,100,experiment_2
short_circuit_1,1123,7.39064,9.7904,short_circuit,1,short_circuit,1,100,experiment_2
short_circuit_1,1124,7.39544,9.7952,short_circuit,1,short_circuit,1,100,experiment_2
short_circuit_1,1125,7.40024,9.8,short_circuit,1,short_circuit,1,100,experiment_2
short_circuit_1,1126,7.40504,9.8048,short_circuit,1,short_circuit,1,100,experiment_2
short_circuit_1,1127,7.40984,9.8096,short_circuit,1,short_circuit,1,100,experiment_2
short_circuit_1,1128,7.41464,9.8144,short_circuit,1,short_circuit,1,100,experiment_2
short_circuit_1,1129,7.41944,9.8192,short_circuit,1,short_circuit,1,100,experiment_2
short_circuit_1,1130,7.42424,9.824,short_circuit,1,short_circuit,1,100,experiment_2
short_circuit_1,1131,7.42904,9.8288,short_circuit,1,short_circuit,1,100,experiment_2
short_circuit_1,1132,7.43384,9.8336,short_circuit,1,short_circuit,1,100,experiment_2
short_circuit_1,1133,7.43864,9.8384,short_circuit,1,short_circuit,1,100,experiment_2
short_circuit_1,1134,7.44344,9.8432,short_circuit,1,short_circuit,1,100,experiment_2
short_circuit_1,1135,7.44824,9.848,short_circuit,1,short_circuit,1,100,experiment_2
short_circuit_1,1136,7.45304,9.8528,short_circuit,1,short_circuit,1,100,experiment_2
short_circuit_1,1137,7.45784,9.8576,short_circuit,1,short_circuit,1,100,experiment_2
short_circuit_1,1138,7.46264,9.8624,short_circuit,1,short_circuit,1,100,experiment_2
short_circuit_1,1139,7.46744,9.8672,short_circuit,1,short_circuit,1,100,experiment_2
short_circuit_1,1140,7.47224,9.872,short_circuit,1,short_circuit,1,100,experiment_2
short_circuit_1,1141,7.47704,9.8768,short_circuit,1,short_circuit,1,100,experiment_2
short_circuit_1,1142,7.48184,9.8816,short_circuit,1,short_circuit,1,100,experiment_2
short_circuit_1,1143,7.48664,9.8864,short_circuit,1,short_circuit,1,100,experiment_2
short_circuit_1,1144,7.49144,9.8912,short_circuit,1,short_circuit,1,100,experiment_2
short_circuit_1,1145,7.49624,9.896,short_circuit,1,short_circuit,1,100,experiment_2
short_circuit_1,1146,7.50104,9.9008,short_circuit,1,short_circuit,1,100,experiment_2
short_circuit_1,1147,7.50584,9.9056,short_circuit,1,short_circuit,1,100,experiment_2
short_circuit_1,1148,7.51064,9.9104,short_circuit,1,short_circuit,1,100,experiment_2
short_circuit_1,1149,7.51544,9.9152,short_circuit,1,short_circuit,1,100,experiment_2
short_circuit_1,1150,7.52024,9.92,short_circuit,1,short_circuit,1,100,experiment_2
short_circuit_1,1151,7.52504,9.9248,short_circuit,1,short_circuit,1,100,experiment_2
short_circuit_1,1152,7.52984,9.9296,short_circuit,1,short_circuit,1,100,experiment_2
short_circuit_1,1153,7.53464,9.9344,short_circuit,1,short_circuit,1,100,experiment_2
short_circuit_1,1154,7.53944,9.9392,short_circuit,1,short_circuit,1,100,experiment_2
short_circuit_1,1155,7.54424,9.944,short_circuit,1,short_circuit,1,100,experiment_2
short_circuit_1,1156,7.54904,9.9488,short_circuit,1,short_circuit,1,100,experiment_2
short_circuit_1,1157,7.55384,9.9536,short_circuit,1,short_circuit,1,100,experiment_2
short_circuit_1,1158,7.55864,9.9584,short_circuit,1,short_circuit,1,100,experiment_2
short_circuit_1,1159,7.56344,9.9632,short_circuit,1,short_circuit,1,100,experiment_2
short_circuit_1,1160,7.56824,9.968,short_circuit,1,short_circuit,1,100,experiment_2
short_circuit_1,1161,7.57304,9.9728,short_circuit,1,short_circuit,1,100,experiment_2
short_circuit_1,1162,7.57784,9.9776,short_circuit,1,short_circuit,1,100,experiment_2
short_circuit_1,1163,7.58264,9.9824,short_circuit,1,short_circuit,1,100,experiment_2
short_circuit_1,1164,7.58744,9.9872,short_circuit,1,short_circuit,1,100,experiment_2
short_circuit_1,1165,7.59224,9.992,short_circuit,1,short_circuit,1,100,experiment_2
short_circuit_1,1166,7.59704,9.9968,short_circuit,1,short_circuit,1,100,experiment_2
short_circuit_1,1167,7.60184,10.0016,short_circuit,1,short_circuit,1,100,experiment_2
short_circuit_1,1168,7.60664,10.0064,short_circuit,1,short_circuit,1,100,experiment_2
short_circuit_1,1169,7.61144,10.0112,short_circuit,1,short_circuit,1,100,experiment_2
short_circuit_1,1170,7.61624,10.016,short_circuit,1,short_circuit,1,100,experiment_2
short_circuit_1,1171,7.62104,10.0208,short_circuit,1,short_circuit,1,100,experiment_2
short_circuit_1,1172,7.62584,10.0256,short_circuit,1,short_circuit,1,100,experiment_2
short_circuit_1,1173,7.63064,10.0304,short_circuit,1,short_circuit,1,100,experiment_2
short_circuit_1,1174,7.63544,10.0352,short_circuit,1,short_circuit,1,100,experiment_2
short_circuit_1,1175,7.64024,10.04,short_circuit,1,short_circuit,1,100,experiment_2
short_circuit_1,1176,7.64504,10.0448,short_circuit,1,short_circuit,1,100,experiment_2
short_circuit_1,1177,7.64984,10.0496,short_circuit,1,short_circuit,1,100,experiment_2
short_circuit_1,1178,7.65464,10.0544,short_circuit,1,short_circuit,1,100,experiment_2
short_circuit_1,1179,7.65944,10.0592,short_circuit,1,short_circuit,1,100,experiment_2
short_circuit_1,1180,7.66424,10.064,short_circuit,1,short_circuit,1,100,experiment_2
short_circuit_1,1181,7.66904,10.0688,short_circuit,1,short_circuit,1,100,experiment_2
short_circuit_1,1182,7.67384,10.0736,short_circuit,1,short_circuit,1,100,experiment_2
short_circuit_1,1183,7.67864,10.0784,short_circuit,1,short_circuit,1,100,experiment_2
short_circuit_1,1184,7.68344,10.0832,short_circuit,1,short_circuit,1,100,experiment_2
short_circuit_1,1185,7.68824,10.088,short_circuit,1,short_circuit,1,100,experiment_2
short_circuit_1,1186,7.69304,10.0928,short_circuit,1,short_circuit,1,100,experiment_2
short_circuit_1,1187,7.69784,10.0976,short_circuit,1,short_circuit,1,100,experiment_2
short_circuit_1,1188,7.70264,10.1024,short_circuit,1,short_circuit,1,100,experiment_2
short_circuit_1,1189,7.70744,10.1072,short_circuit,1,short_circuit,1,100,experiment_2
short_circuit_1,1190,7.71224,10.112,short_circuit,1,short_circuit,1,100,experiment_2
short_circuit_1,1191,7.71704,10.1168,short_circuit,1,short_circuit,1,100,experiment_2
short_circuit_1,1192,7.72184,10.1216,short_circuit,1,short_circuit,1,100,experiment_2
short_circuit_1,1193,7.72664,10.1264,short_circuit,1,short_circuit,1,100,experiment_2
short_circuit_1,1194,7.73144,10.1312,short_circuit,1,short_circuit,1,100,experiment_2
short_circuit_1,1195,7.73624,10.136,short_circuit,1,short_circuit,1,100,experiment_2
short_circuit_1,1196,7.74104,10.1408,short_circuit,1,short_circuit,1,100,experiment_2
short_circuit_1,1197,7.74584,10.1456,short_circuit,1,short_circuit,1,100,experiment_2
short_circuit_1,1198,7.75064,10.1504,short_circuit,1,short_circuit,1,100,experiment_2
short_circuit_1,1199,7.75544,10.1552,short_circuit,1,short_circuit,1,100,experiment_2
short_circuit_1,1200,7.76024,10.16,short_circuit,1,short_circuit,1,100,experiment_2
short_circuit_1,1201,7.76504,10.1648,short_circuit,1,short_circuit,1,100,experiment_2
short_circuit_1,1202,7.76984,10.1696,short_circuit,1,short_circuit,1,100,experiment_2
short_circuit_1,1203,7.77464,10.1744,short_circuit,1,short_circuit,1,100,experiment_2
short_circuit_1,1204,7.77944,10.1792,short_circuit,1,short_circuit,1,100,experiment_2
short_circuit_1,1205,7.78424,10.184,short_circuit,1,short_circuit,1,100,experiment_2
short_circuit_1,1206,7.78904,10.1888,short_circuit,1,short_circuit,1,100,experiment_2
short_circuit_1,1207,7.79384,10.1936,short_circuit,1,short_circuit,1,100,experiment_2
short_circuit_1,1208,7.79864,10.1984,short_circuit,1,short_circuit,1,100,experiment_2
short_circuit_1,1209,7.80344,10.2032,short_circuit,1,short_circuit,1,100,experiment_2
short_circuit_1,1210,7.80824,10.208,short_circuit,1,short_circuit,1,100,experiment_2
short_circuit_1,1211,7.81304,10.2128,short_circuit,1,short_circuit,1,100,experiment_2
short_circuit_1,1212,7.81784,10.2176,short_circuit,1,short_circuit,1,100,experiment_2
short_circuit_1,1213,7.82264,10.2224,short_circuit,1,short_circuit,1,100,experiment_2
short_circuit_1,1214,7.82744,10.2272,short_circuit,1,short_circuit,1,100,experiment_2
short_circuit_1,1215,7.83224,10.232,short_circuit,1,short_circuit,1,100,experiment_2
short_circuit_1,1216,7.83704,10.2368,short_circuit,1,short_circuit,1,100,experiment_2
short_circuit_1,1217,7.84184,10.2416,short_circuit,1,short_circuit,1,100,experiment_2
short_circuit_1,1218,7.84664,10.2464,short_circuit,1,short_circuit,1,100,experiment_2
short_circuit_1,1219,7.85144,10.2512,short_circuit,1,short_circuit,1,100,experiment_2
short_circuit_1,1220,7.85624,10.256,short_circuit,1,short_circuit,1,100,experiment_2
short_circuit_1,1221,7.86104,10.2608,short_circuit,1,short_circuit,1,100,experiment_2
short_circuit_1,1222,7.86584,10.2656,short_circuit,1,short_circuit,1,100,experiment_2
short_circuit_1,1223,7.87064,10.2704,short_circuit,1,short_circuit,1,100,experiment_2
short_circuit_1,1224,7.87544,10.2752,short_circuit,1,short_circuit,1,100,experiment_2
short_circuit_1,1225,7.88024,10.28,short_circuit,1,short_circuit,1,100,experiment_2
short_circuit_1,1226,7.88504,10.2848,short_circuit,1,short_circuit,1,100,experiment_2
short_circuit_1,1227,7.88984,10.2896,short_circuit,1,short_circuit,1,100,experiment_2
short_circuit_1,1228,7.89464,10.2944,short_circuit,1,short_circuit,1,100,experiment_2
short_circuit_1,1229,7.89944,10.2992,short_circuit,1,short_circuit,1,100,experiment_2
short_circuit_1,1230,7.90424,10.304,short_circuit,1,short_circuit,1,100,experiment_2
short_circuit_1,1231,7.90904,10.3088,short_circuit,1,short_circuit,1,100,experiment_2
short_circuit_1,1232,7.91384,10.3136,short_circuit,1,short_circuit,1,100,experiment_2
short_circuit_1,1233,7.91864,10.3184,short_circuit,1,short_circuit,1,100,experiment_2
short_circuit_1,1234,7.92344,10.3232,short_circuit,1,short_circuit,1,100,experiment_2
short_circuit_1,1235,7.92824,10.328,short_circuit,1,short_circuit,1,100,experiment_2
short_circuit_1,1236,7.93304,10.3328,short_circuit,1,short_circuit,1,100,experiment_2
short_circuit_1,1237,7.93784,10.3376,short_circuit,1,short_circuit,1,100,experiment_2
short_circuit_1,1238,7.94264,10.3424,short_circuit,1,short_circuit,1,100,experiment_2
short_circuit_1,1239,7.94744,10.3472,short_circuit,1,short_circuit,1,100,experiment_2
short_circuit_1,1240,7.95224,10.352,short_circuit,1,short_circuit,1,100,experiment_2
short_circuit_1,1241,7.95704,10.3568,short_circuit,1,short_circuit,1,100,experiment_2
short_circuit_1,1242,7.96184,10.3616,short_circuit,1,short_circuit,1,100,experiment_2
short_circuit_1,1243,7.96664,10.3664,short_circuit,1,short_circuit,1,100,experiment_2
short_circuit_1,1244,7.97144,10.3712,short_circuit,1,short_circuit,1,100,experiment_2
short_circuit_1,1245,7.97624,10.376,short_circuit,1,short_circuit,1,100,experiment_2
short_circuit_1,1246,7.98104,10.3808,short_circuit,1,short_circuit,1,100,experiment_2
short_circuit_1,1247,7.98584,10.3856,short_circuit,1,short_circuit,1,100,experiment_2
short_circuit_1,1248,7.99064,10.3904,short_circuit,1,short_circuit,1,100,experiment_2
short_circuit_1,1249,7.99544,10.3952,short_circuit,1,short_circuit,1,100,experiment_2
short_circuit_1,1250,8.00024,10.4,short_circuit,1,short_circuit,1,100,experiment_2
short_circuit_1,1251,8.00504,10.4048,short_circuit,1,short_circuit,1,100,experiment_2
short_circuit_1,1252,8.00984,10.4096,short_circuit,1,short_circuit,1,100,experiment_2
short_circuit_1,1253,8.01464,10.4144,short_circuit,1,short_circuit,1,100,experiment_2
short_circuit_1,1254,8.01944,10.4192,short_circuit,1,short_circuit,1,100,experiment_2
short_circuit_1,1255,8.02424,10.424,short_circuit,1,short_circuit,1,100,experiment_2
short_circuit_1,1256,8.02904,10.4288,short_circuit,1,short_circuit,1,100,experiment_2
short_circuit_1,1257,8.03384,10.4336,short_circuit,1,short_circuit,1,100,experiment_2
short_circuit_1,1258,8.03864,10.4384,short_circuit,1,short_circuit,1,100,experiment_2
short_circuit_1,1259,8.04344,10.4432,short_circuit,1,short_circuit,1,100,experiment_2
short_circuit_1,1260,8.04824,10.448,short_circuit,1,short_circuit,1,100,experiment_2
short_circuit_1,1261,8.05304,10.4528,short_circuit,1,short_circuit,1,100,experiment_2
short_circuit_1,1262,8.05784,10.4576,short_circuit,1,short_circuit,1,100,experiment_2
short_circuit_1,1263,8.06264,10.4624,short_circuit,1,short_circuit,1,100,experiment_2
short_circuit_1,1264,8.06744,10.4672,short_circuit,1,short_circuit,1,100,experiment_2
short_circuit_1,1265,8.07224,10.472,short_circuit,1,short_circuit,1,100,experiment_2
short_circuit_1,1266,8.07704,10.4768,short_circuit,1,short_circuit,1,100,experiment_2
short_circuit_1,1267,8.08184,10.4816,short_circuit,1,short_circuit,1,100,experiment_2
short_circuit_1,1268,8.08664,10.4864,short_circuit,1,short_circuit,1,100,experiment_2
short_circuit_1,1269,8.09144,10.4912,short_circuit,1,short_circuit,1,100,experiment_2
short_circuit_1,1270,8.09624,10.496,short_circuit,1,short_circuit,1,100,experiment_2
short_circuit_1,1271,8.10104,10.5008,short_circuit,1,short_circuit,1,100,experiment_2
short_circuit_1,1272,8.10584,10.5056,short_circuit,1,short_circuit,1,100,experiment_2
short_circuit_1,1273,8.11064,10.5104,short_circuit,1,short_circuit,1,100,experiment_2
short_circuit_1,1274,8.11544,10.5152,short_circuit,1,short_circuit,1,100,experiment_2
short_circuit_1,1275,8.12024,10.52,short_circuit,1,short_circuit,1,100,experiment_2
short_circuit_1,1276,8.12504,10.5248,short_circuit,1,short_circuit,1,100,experiment_2
short_circuit_1,1277,8.12984,10.5296,short_circuit,1,short_circuit,1,100,experiment_2
short_circuit_1,1278,8.13464,10.5344,short_circuit,1,short_circuit,1,100,experiment_2
short_circuit_1,1279,8.13944,10.5392,short_circuit,1,short_circuit,1,100,experiment_2
short_circuit_1,1280,8.14424,10.544,short_circuit,1,short_circuit,1,100,experiment_2
short_circuit_1,1281,8.14904,10.5488,short_circuit,1,short_circuit,1,100,experiment_2
short_circuit_1,1282,8.15384,10.5536,short_circuit,1,short_circuit,1,100,experiment_2
short_circuit_1,1283,8.15864,10.5584,short_circuit,1,short_circuit,1,100,experiment_2
short_circuit_1,1284,8.16344,10.5632,short_circuit,1,short_circuit,1,100,experiment_2
short_circuit_1,1285,8.16824,10.568,short_circuit,1,short_circuit,1,100,experiment_2
short_circuit_1,1286,8.17304,10.5728,short_circuit,1,short_circuit,1,100,experiment_2
short_circuit_1,1287,8.17784,10.5776,short_circuit,1,short_circuit,1,100,experiment_2
short_circuit_1,1288,8.18264,10.5824,short_circuit,1,short_circuit,1,100,experiment_2
short_circuit_1,1289,8.18744,10.5872,short_circuit,1,short_circuit,1,100,experiment_2
short_circuit_1,1290,8.19224,10.592,short_circuit,1,short_circuit,1,100,experiment_2
short_circuit_1,1291,8.19704,10.5968,short_circuit,1,short_circuit,1,100,experiment_2
short_circuit_1,1292,8.20184,10.6016,short_circuit,1,short_circuit,1,100,experiment_2
short_circuit_1,1293,8.20664,10.6064,short_circuit,1,short_circuit,1,100,experiment_2
short_circuit_1,1294,8.21144,10.6112,short_circuit,1,short_circuit,1,100,experiment_2
short_circuit_1,1295,8.21624,10.616,short_circuit,1,short_circuit,1,100,experiment_2
short_circuit_1,1296,8.22104,10.6208,short_circuit,1,short_circuit,1,100,experiment_2
short_circuit_1,1297,8.22584,10.6256,short_circuit,1,short_circuit,1,100,experiment_2
short_circuit_1,1298,8.23064,10.6304,short_circuit,1,short_circuit,1,100,experiment_2
short_circuit_1,1299,8.23544,10.6352,short_circuit,1,short_circuit,1,100,experiment_2
short_circuit_1,1300,8.24024,10.64,short_circuit,1,short_circuit,1,100,experiment_2
short_circuit_1,1301,8.24504,10.6448,short_circuit,1,short_circuit,1,100,experiment_2
short_circuit_1,1302,8.24984,10.6496,short_circuit,1,short_circuit,1,100,experiment_2
short_circuit_1,1303,8.25464,10.6544,short_circuit,1,short_circuit,1,100,experiment_2
short_circuit_1,1304,8.25944,10.6592,short_circuit,1,short_circuit,1,100,experiment_2
short_circuit_1,1305,8.26424,10.664,short_circuit,1,short_circuit,1,100,experiment_2
short_circuit_1,1306,8.26904,10.6688,short_circuit,1,short_circuit,1,100,experiment_2
short_circuit_1,1307,8.27384,10.6736,short_circuit,1,short_circuit,1,100,experiment_2
short_circuit_1,1308,8.27864,10.6784,short_circuit,1,short_circuit,1,100,experiment_2
short_circuit_1,1309,8.28344,10.6832,short_circuit,1,short_circuit,1,100,experiment_2
short_circuit_1,1310,8.28824,10.688,short_circuit,1,short_circuit,1,100,experiment_2
short_circuit_1,1311,8.29304,10.6928,short_circuit,1,short_circuit,1,100,experiment_2
short_circuit_1,1312,8.29784,10.6976,short_circuit,1,short_circuit,1,100,experiment_2
short_circuit_1,1313,8.30264,10.7024,short_circuit,1,short_circuit,1,100,experiment_2
short_circuit_1,1314,8.30744,10.7072,short_circuit,1,short_circuit,1,100,experiment_2
short_circuit_1,1315,8.31224,10.712,short_circuit,1,short_circuit,1,100,experiment_2
short_circuit_1,1316,8.31704,10.7168,short_circuit,1,short_circuit,1,100,experiment_2
short_circuit_1,1317,8.32184,10.7216,short_circuit,1,short_circuit,1,100,experiment_2
short_circuit_1,1318,8.32664,10.7264,short_circuit,1,short_circuit,1,100,experiment_2
short_circuit_1,1319,8.33144,10.7312,short_circuit,1,short_circuit,1,100,experiment_2
short_circuit_1,1320,8.33624,10.736,short_circuit,1,short_circuit,1,100,experiment_2
short_circuit_1,1321,8.34104,10.7408,short_circuit,1,short_circuit,1,100,experiment_2
short_circuit_1,1322,8.34584,10.7456,short_circuit,1,short_circuit,1,100,experiment_2
short_circuit_1,1323,8.35064,10.7504,short_circuit,1,short_circuit,1,100,experiment_2
short_circuit_1,1324,8.35544,10.7552,short_circuit,1,short_circuit,1,100,experiment_2
short_circuit_1,1325,8.36024,10.76,short_circuit,1,short_circuit,1,100,experiment_2
short_circuit_1,1326,8.36504,10.7648,short_circuit,1,short_circuit,1,100,experiment_2
short_circuit_1,1327,8.36984,10.7696,short_circuit,1,short_circuit,1,100,experiment_2
short_circuit_1,1328,8.37464,10.7744,short_circuit,1,short_circuit,1,100,experiment_2
short_circuit_1,1329,8.37944,10.7792,short_circuit,1,short_circuit,1,100,experiment_2
short_circuit_1,1330,8.38424,10.784,short_circuit,1,short_circuit,1,100,experiment_2
short_circuit_1,1331,8.38904,10.7888,short_circuit,1,short_circuit,1,100,experiment_2
short_circuit_1,1332,8.39384,10.7936,short_circuit,1,short_circuit,1,100,experiment_2
short_circuit_1,1333,8.39864,10.7984,short_circuit,1,short_circuit,1,100,experiment_2
short_circuit_1,1334,8.40344,10.8032,short_circuit,1,short_circuit,1,100,experiment_2
short_circuit_1,1335,8.40824,10.808,short_circuit,1,short_circuit,1,100,experiment_2
short_circuit_1,1336,8.41304,10.8128,short_circuit,1,short_circuit,1,100,experiment_2
short_circuit_1,1337,8.41784,10.8176,short_circuit,1,short_circuit,1,100,experiment_2
short_circuit_1,1338,8.42264,10.8224,short_circuit,1,short_circuit,1,100,experiment_2
short_circuit_1,1339,8.42744,10.8272,short_circuit,1,short_circuit,1,100,experiment_2
short_circuit_1,1340,8.43224,10.832,short_circuit,1,short_circuit,1,100,experiment_2
short_circuit_1,1341,8.43704,10.8368,short_circuit,1,short_circuit,1,100,experiment_2
short_circuit_1,1342,8.44184,10.8416,short_circuit,1,short_circuit,1,100,experiment_2
short_circuit_1,1343,8.44664,10.8464,short_circuit,1,short_circuit,1,100,experiment_2
short_circuit_1,1344,8.45144,10.8512,short_circuit,1,short_circuit,1,100,experiment_2
short_circuit_1,1345,8.45624,10.856,short_circuit,1,short_circuit,1,100,experiment_2
short_circuit_1,1346,8.46104,10.8608,short_circuit,1,short_circuit,1,100,experiment_2
short_circuit_1,1347,8.46584,10.8656,short_circuit,1,short_circuit,1,100,experiment_2
short_circuit_1,1348,8.47064,10.8704,short_circuit,1,short_circuit,1,100,experiment_2
short_circuit_1,1349,8.47544,10.8752,short_circuit,1,short_circuit,1,100,experiment_2
short_circuit_1,1350,8.48024,10.88,short_circuit,1,short_circuit,1,100,experiment_2
short_circuit_1,1351,8.48504,10.8848,short_circuit,1,short_circuit,1,100,experiment_2
short_circuit_1,1352,8.48984,10.8896,short_circuit,1,short_circuit,1,100,experiment_2
short_circuit_1,1353,8.49464,10.8944,short_circuit,1,short_circuit,1,100,experiment_2
short_circuit_1,1354,8.49944,10.8992,short_circuit,1,short_circuit,1,100,experiment_2
short_circuit_1,1355,8.50424,10.904,short_circuit,1,short_circuit,1,100,experiment_2
short_circuit_1,1356,8.50904,10.9088,short_circuit,1,short_circuit,1,100,experiment_2
short_circuit_1,1357,8.51384,10.9136,short_circuit,1,short_circuit,1,100,experiment_2
short_circuit_1,1358,8.51864,10.9184,short_circuit,1,short_circuit,1,100,experiment_2
short_circuit_1,1359,8.52344,10.9232,short_circuit,1,short_circuit,1,100,experiment_2
short_circuit_1,1360,8.52824,10.928,short_circuit,1,short_circuit,1,100,experiment_2
short_circuit_1,1361,8.53304,10.9328,short_circuit,1,short_circuit,1,100,experiment_2
short_circuit_1,1362,8.53784,10.9376,short_circuit,1,short_circuit,1,100,experiment_2
short_circuit_1,1363,8.54264,10.9424,short_circuit,1,short_circuit,1,100,experiment_2
short_circuit_1,1364,8.54744,10.9472,short_circuit,1,short_circuit,1,100,experiment_2
short_circuit_1,1365,8.55224,10.952,short_circuit,1,short_circuit,1,100,experiment_2
short_circuit_1,1366,8.55704,10.9568,short_circuit,1,short_circuit,1,100,experiment_2
short_circuit_1,1367,8.56184,10.9616,short_circuit,1,short_circuit,1,100,experiment_2
short_circuit_1,1368,8.56664,10.9664,short_circuit,1,short_circuit,1,100,experiment_2
short_circuit_1,1369,8.57144,10.9712,short_circuit,1,short_circuit,1,100,experiment_2
short_circuit_1,1370,8.57624,10.976,short_circuit,1,short_circuit,1,100,experiment_2
short_circuit_1,1371,8.58104,10.9808,short_circuit,1,short_circuit,1,100,experiment_2
short_circuit_1,1372,8.58584,10.9856,short_circuit,1,short_circuit,1,100,experiment_2
short_circuit_1,1373,8.59064,10.9904,short_circuit,1,short_circuit,1,100,experiment_2
short_circuit_1,1374,8.59544,10.9952,short_circuit,1,short_circuit,1,100,experiment_2
short_circuit_1,1375,8.60024,11.0,short_circuit,1,short_circuit,1,100,experiment_2
short_circuit_1,1376,8.60504,11.0048,short_circuit,1,short_circuit,1,100,experiment_2
short_circuit_1,1377,8.60984,11.0096,short_circuit,1,short_circuit,1,100,experiment_2
short_circuit_1,1378,8.61464,11.0144,short_circuit,1,short_circuit,1,100,experiment_2
short_circuit_1,1379,8.61944,11.0192,short_circuit,1,short_circuit,1,100,experiment_2
short_circuit_1,1380,8.62424,11.024,short_circuit,1,short_circuit,1,100,experiment_2
short_circuit_1,1381,8.62904,11.0288,short_circuit,1,short_circuit,1,100,experiment_2
short_circuit_1,1382,8.63384,11.0336,short_circuit,1,short_circuit,1,100,experiment_2
short_circuit_1,1383,8.63864,11.0384,short_circuit,1,short_circuit,1,100,experiment_2
short_circuit_1,1384,8.64344,11.0432,short_circuit,1,short_circuit,1,100,experiment_2
short_circuit_1,1385,8.64824,11.048,short_circuit,1,short_circuit,1,100,experiment_2
short_circuit_1,1386,8.65304,11.0528,short_circuit,1,short_circuit,1,100,experiment_2
short_circuit_1,1387,8.65784,11.0576,short_circuit,1,short_circuit,1,100,experiment_2
short_circuit_1,1388,8.66264,11.0624,short_circuit,1,short_circuit,1,100,experiment_2
short_circuit_1,1389,8.66744,11.0672,short_circuit,1,short_circuit,1,100,experiment_2
short_circuit_1,1390,8.67224,11.072,short_circuit,1,short_circuit,1,100,experiment_2
short_circuit_1,1391,8.67704,11.0768,short_circuit,1,short_circuit,1,100,experiment_2
short_circuit_1,1392,8.68184,11.0816,short_circuit,1,short_circuit,1,100,experiment_2
short_circuit_1,1393,8.68664,11.0864,short_circuit,1,short_circuit,1,100,experiment_2
short_circuit_1,1394,8.69144,11.0912,short_circuit,1,short_circuit,1,100,experiment_2
short_circuit_1,1395,8.69624,11.096,short_circuit,1,short_circuit,1,100,experiment_2
short_circuit_1,1396,8.70104,11.1008,short_circuit,1,short_circuit,1,100,experiment_2
short_circuit_1,1397,8.70584,11.1056,short_circuit,1,short_circuit,1,100,experiment_2
short_circuit_1,1398,8.71064,11.1104,short_circuit,1,short_circuit,1,100,experiment_2
short_circuit_1,1399,8.71544,11.1152,short_circuit,1,short_circuit,1,100,experiment_2
short_circuit_1,1400,8.72024,11.12,short_circuit,1,short_circuit,1,100,experiment_2
short_circuit_1,1401,8.72504,11.1248,short_circuit,1,short_circuit,1,100,experiment_2
short_circuit_1,1402,8.72984,11.1296,short_circuit,1,short_circuit,1,100,experiment_2
short_circuit_1,1403,8.73464,11.1344,short_circuit,1,short_circuit,1,100,experiment_2
short_circuit_1,1404,8.73944,11.1392,short_circuit,1,short_circuit,1,100,experiment_2
short_circuit_1,1405,8.74424,11.144,short_circuit,1,short_circuit,1,100,experiment_2
short_circuit_1,1406,8.74904,11.1488,short_circuit,1,short_circuit,1,100,experiment_2
short_circuit_1,1407,8.75384,11.1536,short_circuit,1,short_circuit,1,100,experiment_2
short_circuit_1,1408,8.75864,11.1584,short_circuit,1,short_circuit,1,100,experiment_2
short_circuit_1,1409,8.76344,11.1632,short_circuit,1,short_circuit,1,100,experiment_2
short_circuit_1,1410,8.76824,11.168,short_circuit,1,short_circuit,1,100,experiment_2
short_circuit_1,1411,8.77304,11.1728,short_circuit,1,short_circuit,1,100,experiment_2
short_circuit_1,1412,8.77784,11.1776,short_circuit,1,short_circuit,1,100,experiment_2
short_circuit_1,1413,8.78264,11.1824,short_circuit,1,short_circuit,1,100,experiment_2
short_circuit_1,1414,8.78744,11.1872,short_circuit,1,short_circuit,1,100,experiment_2
short_circuit_1,1415,8.79224,11.192,short_circuit,1,short_circuit,1,100,experiment_2
short_circuit_1,1416,8.79704,11.1968,short_circuit,1,short_circuit,1,100,experiment_2
short_circuit_1,1417,8.80184,11.2016,short_circuit,1,short_circuit,1,100,experiment_2
short_circuit_1,1418,8.80664,11.2064,short_circuit,1,short_circuit,1,100,experiment_2
short_circuit_1,1419,8.81144,11.2112,short_circuit,1,short_circuit,1,100,experiment_2
short_circuit_1,1420,8.81624,11.216,short_circuit,1,short_circuit,1,100,experiment_2
short_circuit_1,1421,8.82104,11.2208,short_circuit,1,short_circuit,1,100,experiment_2
short_circuit_1,1422,8.82584,11.2256,short_circuit,1,short_circuit,1,100,experiment_2
short_circuit_1,1423,8.83064,11.2304,short_circuit,1,short_circuit,1,100,experiment_2
short_circuit_1,1424,8.83544,11.2352,short_circuit,1,short_circuit,1,100,experiment_2
short_circuit_1,1425,8.84024,11.24,short_circuit,1,short_circuit,1,100,experiment_2
short_circuit_1,1426,8.84504,11.2448,short_circuit,1,short_circuit,1,100,experiment_2
short_circuit_1,1427,8.84984,11.2496,short_circuit,1,short_circuit,1,100,experiment_2
short_circuit_1,1428,8.85464,11.2544,short_circuit,1,short_circuit,1,100,experiment_2
short_circuit_1,1429,8.85944,11.2592,short_circuit,1,short_circuit,1,100,experiment_2
short_circuit_1,1430,8.86424,11.264,short_circuit,1,short_circuit,1,100,experiment_2
short_circuit_1,1431,8.86904,11.2688,short_circuit,1,short_circuit,1,100,experiment_2
short_circuit_1,1432,8.87384,11.2736,short_circuit,1,short_circuit,1,100,experiment_2
short_circuit_1,1433,8.87864,11.2784,short_circuit,1,short_circuit,1,100,experiment_2
short_circuit_1,1434,8.88344,11.2832,short_circuit,1,short_circuit,1,100,experiment_2
short_circuit_1,1435,8.88824,11.288,short_circuit,1,short_circuit,1,100,experiment_2
short_circuit_1,1436,8.89304,11.2928,short_circuit,1,short_circuit,1,100,experiment_2
short_circuit_1,1437,8.89784,11.2976,short_circuit,1,short_circuit,1,100,experiment_2
short_circuit_1,1438,8.90264,11.3024,short_circuit,1,short_circuit,1,100,experiment_2
short_circuit_1,1439,8.90744,11.3072,short_circuit,1,short_circuit,1,100,experiment_2
short_circuit_1,1440,8.91224,11.312,short_circuit,1,short_circuit,1,100,experiment_2
short_circuit_1,1441,8.91704,11.3168,short_circuit,1,short_circuit,1,100,experiment_2
short_circuit_1,1442,8.92184,11.3216,short_circuit,1,short_circuit,1,100,experiment_2
short_circuit_1,1443,8.92664,11.3264,short_circuit,1,short_circuit,1,100,experiment_2
short_circuit_1,1444,8.93144,11.3312,short_circuit,1,short_circuit,1,100,experiment_2
short_circuit_1,1445,8.93624,11.336,short_circuit,1,short_circuit,1,100,experiment_2
short_circuit_1,1446,8.94104,11.3408,short_circuit,1,short_circuit,1,100,experiment_2
short_circuit_1,1447,8.94584,11.3456,short_circuit,1,short_circuit,1,100,experiment_2
short_circuit_1,1448,8.95064,11.3504,short_circuit,1,short_circuit,1,100,experiment_2
short_circuit_1,1449,8.95544,11.3552,short_circuit,1,short_circuit,1,100,experiment_2
short_circuit_1,1450,8.96024,11.36,short_circuit,1,short_circuit,1,100,experiment_2
short_circuit_1,1451,8.96504,11.3648,short_circuit,1,short_circuit,1,100,experiment_2
short_circuit_1,1452,8.96984,11.3696,short_circuit,1,short_circuit,1,100,experiment_2
short_circuit_1,1453,8.97464,11.3744,short_circuit,1,short_circuit,1,100,experiment_2
short_circuit_1,1454,8.97944,11.3792,short_circuit,1,short_circuit,1,100,experiment_2
short_circuit_1,1455,8.98424,11.384,short_circuit,1,short_circuit,1,100,experiment_2
short_circuit_1,1456,8.98904,11.3888,short_circuit,1,short_circuit,1,100,experiment_2
short_circuit_1,1457,8.99384,11.3936,short_circuit,1,short_circuit,1,100,experiment_2
short_circuit_1,1458,8.99864,11.3984,short_circuit,1,short_circuit,1,100,experiment_2
short_circuit_1,1459,9.00344,11.4032,short_circuit,1,short_circuit,1,100,experiment_2
short_circuit_1,1460,9.00824,11.408,short_circuit,1,short_circuit,1,100,experiment_2
short_circuit_1,1461,9.01304,11.4128,short_circuit,1,short_circuit,1,100,experiment_2
short_circuit_1,1462,9.01784,11.4176,short_circuit,1,short_circuit,1,100,experiment_2
short_circuit_1,1463,9.02264,11.4224,short_circuit,1,short_circuit,1,100,experiment_2
short_circuit_1,1464,9.02744,11.4272,short_circuit,1,short_circuit,1,100,experiment_2
short_circuit_1,1465,9.03224,11.432,short_circuit,1,short_circuit,1,100,experiment_2
short_circuit_1,1466,9.03704,11.4368,short_circuit,1,short_circuit,1,100,experiment_2
short_circuit_1,1467,9.04184,11.4416,short_circuit,1,short_circuit,1,100,experiment_2
short_circuit_1,1468,9.04664,11.4464,short_circuit,1,short_circuit,1,100,experiment_2
short_circuit_1,1469,9.05144,11.4512,short_circuit,1,short_circuit,1,100,experiment_2
short_circuit_1,1470,9.05624,11.456,short_circuit,1,short_circuit,1,100,experiment_2
short_circuit_1,1471,9.06104,11.4608,short_circuit,1,short_circuit,1,100,experiment_2
short_circuit_1,1472,9.06584,11.4656,short_circuit,1,short_circuit,1,100,experiment_2
short_circuit_1,1473,9.07064,11.4704,short_circuit,1,short_circuit,1,100,experiment_2
short_circuit_1,1474,9.07544,11.4752,short_circuit,1,short_circuit,1,100,experiment_2
short_circuit_1,1475,9.08024,11.48,short_circuit,1,short_circuit,1,100,experiment_2
short_circuit_1,1476,9.08504,11.4848,short_circuit,1,short_circuit,1,100,experiment_2
short_circuit_1,1477,9.08984,11.4896,short_circuit,1,short_circuit,1,100,experiment_2
short_circuit_1,1478,9.09464,11.4944,short_circuit,1,short_circuit,1,100,experiment_2
short_circuit_1,1479,9.09944,11.4992,short_circuit,1,short_circuit,1,100,experiment_2
short_circuit_1,1480,9.10424,11.504,short_circuit,1,short_circuit,1,100,experiment_2
short_circuit_1,1481,9.10904,11.5088,short_circuit,1,short_circuit,1,100,experiment_2
short_circuit_1,1482,9.11384,11.5136,short_circuit,1,short_circuit,1,100,experiment_2
short_circuit_1,1483,9.11864,11.5184,short_circuit,1,short_circuit,1,100,experiment_2
short_circuit_1,1484,9.12344,11.5232,short_circuit,1,short_circuit,1,100,experiment_2
short_circuit_1,1485,9.12824,11.528,short_circuit,1,short_circuit,1,100,experiment_2
short_circuit_1,1486,9.13304,11.5328,short_circuit,1,short_circuit,1,100,experiment_2
short_circuit_1,1487,9.13784,11.5376,short_circuit,1,short_circuit,1,100,experiment_2
short_circuit_1,1488,9.14264,11.5424,short_circuit,1,short_circuit,1,100,experiment_2
short_circuit_1,1489,9.14744,11.5472,short_circuit,1,short_circuit,1,100,experiment_2
short_circuit_1,1490,9.15224,11.552,short_circuit,1,short_circuit,1,100,experiment_2
short_circuit_1,1491,9.15704,11.5568,short_circuit,1,short_circuit,1,100,experiment_2
short_circuit_1,1492,9.16184,11.5616,short_circuit,1,short_circuit,1,100,experiment_2
short_circuit_1,1493,9.16664,11.5664,short_circuit,1,short_circuit,1,100,experiment_2
short_circuit_1,1494,9.17144,11.5712,short_circuit,1,short_circuit,1,100,experiment_2
short_circuit_1,1495,9.17624,11.576,short_circuit,1,short_circuit,1,100,experiment_2
short_circuit_1,1496,9.18104,11.5808,short_circuit,1,short_circuit,1,100,experiment_2
short_circuit_1,1497,9.18584,11.5856,short_circuit,1,short_circuit,1,100,experiment_2
short_circuit_1,1498,9.19064,11.5904,short_circuit,1,short_circuit,1,100,experiment_2
short_circuit_1,1499,9.19544,11.5952,short_circuit,1,short_circuit,1,100,experiment_2
short_circuit_1,1500,9.20024,11.6,short_circuit,1,short_circuit,1,100,experiment_2
short_circuit_1,1501,9.20504,11.6048,short_circuit,1,short_circuit,1,100,experiment_2
short_circuit_1,1502,9.20984,11.6096,short_circuit,1,short_circuit,1,100,experiment_2
short_circuit_1,1503,9.21464,11.6144,short_circuit,1,short_circuit,1,100,experiment_2
short_circuit_1,1504,9.21944,11.6192,short_circuit,1,short_circuit,1,100,experiment_2
short_circuit_1,1505,9.22424,11.624,short_circuit,1,short_circuit,1,100,experiment_2
short_circuit_1,1506,9.22904,11.6288,short_circuit,1,short_circuit,1,100,experiment_2
short_circuit_1,1507,9.23384,11.6336,short_circuit,1,short_circuit,1,100,experiment_2
short_circuit_1,1508,9.23864,11.6384,short_circuit,1,short_circuit,1,100,experiment_2
short_circuit_1,1509,9.24344,11.6432,short_circuit,1,short_circuit,1,100,experiment_2
short_circuit_1,1510,9.24824,11.648,short_circuit,1,short_circuit,1,100,experiment_2
short_circuit_1,1511,9.25304,11.6528,short_circuit,1,short_circuit,1,100,experiment_2
short_circuit_1,1512,9.25784,11.6576,short_circuit,1,short_circuit,1,100,experiment_2
short_circuit_1,1513,9.26264,11.6624,short_circuit,1,short_circuit,1,100,experiment_2
short_circuit_1,1514,9.26744,11.6672,short_circuit,1,short_circuit,1,100,experiment_2
short_circuit_1,1515,9.27224,11.672,short_circuit,1,short_circuit,1,100,experiment_2
short_circuit_1,1516,9.27704,11.6768,short_circuit,1,short_circuit,1,100,experiment_2
short_circuit_1,1517,9.28184,11.6816,short_circuit,1,short_circuit,1,100,experiment_2
short_circuit_1,1518,9.28664,11.6864,short_circuit,1,short_circuit,1,100,experiment_2
short_circuit_1,1519,9.29144,11.6912,short_circuit,1,short_circuit,1,100,experiment_2
short_circuit_1,1520,9.29624,11.696,short_circuit,1,short_circuit,1,100,experiment_2
short_circuit_1,1521,9.30104,11.7008,short_circuit,1,short_circuit,1,100,experiment_2
short_circuit_1,1522,9.30584,11.7056,short_circuit,1,short_circuit,1,100,experiment_2
short_circuit_1,1523,9.31064,11.7104,short_circuit,1,short_circuit,1,100,experiment_2
short_circuit_1,1524,9.31544,11.7152,short_circuit,1,short_circuit,1,100,experiment_2
short_circuit_1,1525,9.32024,11.72,short_circuit,1,short_circuit,1,100,experiment_2
short_circuit_1,1526,9.32504,11.7248,short_circuit,1,short_circuit,1,100,experiment_2
short_circuit_1,1527,9.32984,11.7296,short_circuit,1,short_circuit,1,100,experiment_2
short_circuit_1,1528,9.33464,11.7344,short_circuit,1,short_circuit,1,100,experiment_2
short_circuit_1,1529,9.33944,11.7392,short_circuit,1,short_circuit,1,100,experiment_2
short_circuit_1,1530,9.34424,11.744,short_circuit,1,short_circuit,1,100,experiment_2
short_circuit_1,1531,9.34904,11.7488,short_circuit,1,short_circuit,1,100,experiment_2
short_circuit_1,1532,9.35384,11.7536,short_circuit,1,short_circuit,1,100,experiment_2
short_circuit_1,1533,9.35864,11.7584,short_circuit,1,short_circuit,1,100,experiment_2
short_circuit_1,1534,9.36344,11.7632,short_circuit,1,short_circuit,1,100,experiment_2
short_circuit_1,1535,9.36824,11.768,short_circuit,1,short_circuit,1,100,experiment_2
short_circuit_1,1536,9.37304,11.7728,short_circuit,1,short_circuit,1,100,experiment_2
short_circuit_1,1537,9.37784,11.7776,short_circuit,1,short_circuit,1,100,experiment_2
short_circuit_1,1538,9.38264,11.7824,short_circuit,1,short_circuit,1,100,experiment_2
short_circuit_1,1539,9.38744,11.7872,short_circuit,1,short_circuit,1,100,experiment_2
short_circuit_1,1540,9.39224,11.792,short_circuit,1,short_circuit,1,100,experiment_2
short_circuit_1,1541,9.39704,11.7968,short_circuit,1,short_circuit,1,100,experiment_2
short_circuit_1,1542,9.40184,11.8016,short_circuit,1,short_circuit,1,100,experiment_2
short_circuit_1,1543,9.40664,11.8064,short_circuit,1,short_circuit,1,100,experiment_2
short_circuit_1,1544,9.41144,11.8112,short_circuit,1,short_circuit,1,100,experiment_2
short_circuit_1,1545,9.41624,11.816,short_circuit,1,short_circuit,1,100,experiment_2
short_circuit_1,1546,9.42104,11.8208,short_circuit,1,short_circuit,1,100,experiment_2
short_circuit_1,1547,9.42584,11.8256,short_circuit,1,short_circuit,1,100,experiment_2
short_circuit_1,1548,9.43064,11.8304,short_circuit,1,short_circuit,1,100,experiment_2
short_circuit_1,1549,9.43544,11.8352,short_circuit,1,short_circuit,1,100,experiment_2
short_circuit_1,1550,9.44024,11.84,short_circuit,1,short_circuit,1,100,experiment_2
short_circuit_1,1551,9.44504,11.8448,short_circuit,1,short_circuit,1,100,experiment_2
short_circuit_1,1552,9.44984,11.8496,short_circuit,1,short_circuit,1,100,experiment_2
short_circuit_1,1553,9.45464,11.8544,short_circuit,1,short_circuit,1,100,experiment_2
short_circuit_1,1554,9.45944,11.8592,short_circuit,1,short_circuit,1,100,experiment_2
short_circuit_1,1555,9.46424,11.864,short_circuit,1,short_circuit,1,100,experiment_2
short_circuit_1,1556,9.46904,11.8688,short_circuit,1,short_circuit,1,100,experiment_2
short_circuit_1,1557,9.47384,11.8736,short_circuit,1,short_circuit,1,100,experiment_2
short_circuit_1,1558,9.47864,11.8784,short_circuit,1,short_circuit,1,100,experiment_2
short_circuit_1,1559,9.48344,11.8832,short_circuit,1,short_circuit,1,100,experiment_2
short_circuit_1,1560,9.48824,11.888,short_circuit,1,short_circuit,1,100,experiment_2
short_circuit_1,1561,9.49304,11.8928,short_circuit,1,short_circuit,1,100,experiment_2
short_circuit_1,1562,9.49784,11.8976,short_circuit,1,short_circuit,1,100,experiment_2
short_circuit_1,1563,9.50264,11.9024,short_circuit,1,short_circuit,1,100,experiment_2
short_circuit_1,1564,9.50744,11.9072,short_circuit,1,short_circuit,1,100,experiment_2
short_circuit_1,1565,9.51224,11.912,short_circuit,1,short_circuit,1,100,experiment_2
short_circuit_1,1566,9.51704,11.9168,short_circuit,1,short_circuit,1,100,experiment_2
short_circuit_1,1567,9.52184,11.9216,short_circuit,1,short_circuit,1,100,experiment_2
short_circuit_1,1568,9.52664,11.9264,short_circuit,1,short_circuit,1,100,experiment_2
short_circuit_1,1569,9.53144,11.9312,short_circuit,1,short_circuit,1,100,experiment_2
short_circuit_1,1570,9.53624,11.936,short_circuit,1,short_circuit,1,100,experiment_2
short_circuit_1,1571,9.54104,11.9408,short_circuit,1,short_circuit,1,100,experiment_2
short_circuit_1,1572,9.54584,11.9456,short_circuit,1,short_circuit,1,100,experiment_2
short_circuit_1,1573,9.55064,11.9504,short_circuit,1,short_circuit,1,100,experiment_2
short_circuit_1,1574,9.55544,11.9552,short_circuit,1,short_circuit,1,100,experiment_2
short_circuit_1,1575,9.56024,11.96,short_circuit,1,short_circuit,1,100,experiment_2
short_circuit_1,1576,9.56504,11.9648,short_circuit,1,short_circuit,1,100,experiment_2
short_circuit_1,1577,9.56984,11.9696,short_circuit,1,short_circuit,1,100,experiment_2
short_circuit_1,1578,9.57464,11.9744,short_circuit,1,short_circuit,1,100,experiment_2
short_circuit_1,1579,9.57944,11.9792,short_circuit,1,short_circuit,1,100,experiment_2
short_circuit_1,1580,9.58424,11.984,short_circuit,1,short_circuit,1,100,experiment_2
short_circuit_1,1581,9.58904,11.9888,short_circuit,1,short_circuit,1,100,experiment_2
short_circuit_1,1582,9.59384,11.9936,short_circuit,1,short_circuit,1,100,experiment_2
short_circuit_1,1583,9.59864,11.9984,short_circuit,1,short_circuit,1,100,experiment_2
short_circuit_1,1584,9.60344,12.0032,short_circuit,1,short_circuit,1,100,experiment_2
short_circuit_1,1585,9.60824,12.008,short_circuit,1,short_circuit,1,100,experiment_2
short_circuit_1,1586,9.61304,12.0128,short_circuit,1,short_circuit,1,100,experiment_2
short_circuit_1,1587,9.61784,12.0176,short_circuit,1,short_circuit,1,100,experiment_2
short_circuit_1,1588,9.62264,12.0224,short_circuit,1,short_circuit,1,100,experiment_2
short_circuit_1,1589,9.62744,12.0272,short_circuit,1,short_circuit,1,100,experiment_2
short_circuit_1,1590,9.63224,12.032,short_circuit,1,short_circuit,1,100,experiment_2
short_circuit_1,1591,9.63704,12.0368,short_circuit,1,short_circuit,1,100,experiment_2
short_circuit_1,1592,9.64184,12.0416,short_circuit,1,short_circuit,1,100,experiment_2
short_circuit_1,1593,9.64664,12.0464,short_circuit,1,short_circuit,1,100,experiment_2
short_circuit_1,1594,9.65144,12.0512,short_circuit,1,short_circuit,1,100,experiment_2
short_circuit_1,1595,9.65624,12.056,short_circuit,1,short_circuit,1,100,experiment_2
short_circuit_1,1596,9.66104,12.0608,short_circuit,1,short_circuit,1,100,experiment_2
short_circuit_1,1597,9.66584,12.0656,short_circuit,1,short_circuit,1,100,experiment_2
short_circuit_1,1598,9.67064,12.0704,short_circuit,1,short_circuit,1,100,experiment_2
short_circuit_1,1599,9.67544,12.0752,short_circuit,1,short_circuit,1,100,experiment_2
short_circuit_1,1600,9.68024,12.08,short_circuit,1,short_circuit,1,100,experiment_2
short_circuit_1,1601,9.68504,12.0848,short_circuit,1,short_circuit,1,100,experiment_2
short_circuit_1,1602,9.68984,12.0896,short_circuit,1,short_circuit,1,100,experiment_2
short_circuit_1,1603,9.69464,12.0944,short_circuit,1,short_circuit,1,100,experiment_2
short_circuit_1,1604,9.69944,12.0992,short_circuit,1,short_circuit,1,100,experiment_2
short_circuit_1,1605,9.70424,12.104,short_circuit,1,short_circuit,1,100,experiment_2
short_circuit_1,1606,9.70904,12.1088,short_circuit,1,short_circuit,1,100,experiment_2
short_circuit_1,1607,9.71384,12.1136,short_circuit,1,short_circuit,1,100,experiment_2
short_circuit_1,1608,9.71864,12.1184,short_circuit,1,short_circuit,1,100,experiment_2
short_circuit_1,1609,9.72344,12.1232,short_circuit,1,short_circuit,1,100,experiment_2
short_circuit_1,1610,9.72824,12.128,short_circuit,1,short_circuit,1,100,experiment_2
short_circuit_1,1611,9.73304,12.1328,short_circuit,1,short_circuit,1,100,experiment_2
short_circuit_1,1612,9.73784,12.1376,short_circuit,1,short_circuit,1,100,experiment_2
short_circuit_1,1613,9.74264,12.1424,short_circuit,1,short_circuit,1,100,experiment_2
short_circuit_1,1614,9.74744,12.1472,short_circuit,1,short_circuit,1,100,experiment_2
short_circuit_1,1615,9.75224,12.152,short_circuit,1,short_circuit,1,100,experiment_2
short_circuit_1,1616,9.75704,12.1568,short_circuit,1,short_circuit,1,100,experiment_2
short_circuit_1,1617,9.76184,12.1616,short_circuit,1,short_circuit,1,100,experiment_2
short_circuit_1,1618,9.76664,12.1664,short_circuit,1,short_circuit,1,100,experiment_2
short_circuit_1,1619,9.77144,12.1712,short_circuit,1,short_circuit,1,100,experiment_2
short_circuit_1,1620,9.77624,12.176,short_circuit,1,short_circuit,1,100,experiment_2
short_circuit_1,1621,9.78104,12.1808,short_circuit,1,short_circuit,1,100,experiment_2
short_circuit_1,1622,9.78584,12.1856,short_circuit,1,short_circuit,1,100,experiment_2
short_circuit_1,1623,9.79064,12.1904,short_circuit,1,short_circuit,1,100,experiment_2
short_circuit_1,1624,9.79544,12.1952,short_circuit,1,short_circuit,1,100,experiment_2
short_circuit_1,1625,9.80024,12.2,short_circuit,1,short_circuit,1,100,experiment_2
short_circuit_1,1626,9.80504,12.2048,short_circuit,1,short_circuit,1,100,experiment_2
short_circuit_1,1627,9.80984,12.2096,short_circuit,1,short_circuit,1,100,experiment_2
short_circuit_1,1628,9.81464,12.2144,short_circuit,1,short_circuit,1,100,experiment_2
short_circuit_1,1629,9.81944,12.2192,short_circuit,1,short_circuit,1,100,experiment_2
short_circuit_1,1630,9.82424,12.224,short_circuit,1,short_circuit,1,100,experiment_2
short_circuit_1,1631,9.82904,12.2288,short_circuit,1,short_circuit,1,100,experiment_2
short_circuit_1,1632,9.83384,12.2336,short_circuit,1,short_circuit,1,100,experiment_2
short_circuit_1,1633,9.83864,12.2384,short_circuit,1,short_circuit,1,100,experiment_2
short_circuit_1,1634,9.84344,12.2432,short_circuit,1,short_circuit,1,100,experiment_2
short_circuit_1,1635,9.84824,12.248,short_circuit,1,short_circuit,1,100,experiment_2
short_circuit_1,1636,9.85304,12.2528,short_circuit,1,short_circuit,1,100,experiment_2
short_circuit_1,1637,9.85784,12.2576,short_circuit,1,short_circuit,1,100,experiment_2
short_circuit_1,1638,9.86264,12.2624,short_circuit,1,short_circuit,1,100,experiment_2
short_circuit_1,1639,9.86744,12.2672,short_circuit,1,short_circuit,1,100,experiment_2
short_circuit_1,1640,9.87224,12.272,short_circuit,1,short_circuit,1,100,experiment_2
short_circuit_1,1641,9.87704,12.2768,short_circuit,1,short_circuit,1,100,experiment_2
short_circuit_1,1642,9.88184,12.2816,short_circuit,1,short_circuit,1,100,experiment_2
short_circuit_1,1643,9.88664,12.2864,short_circuit,1,short_circuit,1,100,experiment_2
short_circuit_1,1644,9.89144,12.2912,short_circuit,1,short_circuit,1,100,experiment_2
short_circuit_1,1645,9.89624,12.296,short_circuit,1,short_circuit,1,100,experiment_2
short_circuit_1,1646,9.90104,12.3008,short_circuit,1,short_circuit,1,100,experiment_2
short_circuit_1,1647,9.90584,12.3056,short_circuit,1,short_circuit,1,100,experiment_2
short_circuit_1,1648,9.91064,12.3104,short_circuit,1,short_circuit,1,100,experiment_2
short_circuit_1,1649,9.91544,12.3152,short_circuit,1,short_circuit,1,100,experiment_2
short_circuit_1,1650,9.92024,12.32,short_circuit,1,short_circuit,1,100,experiment_2
short_circuit_1,1651,9.92504,12.3248,short_circuit,1,short_circuit,1,100,experiment_2
short_circuit_1,1652,9.92984,12.3296,short_circuit,1,short_circuit,1,100,experiment_2
short_circuit_1,1653,9.93464,12.3344,short_circuit,1,short_circuit,1,100,experiment_2
short_circuit_1,1654,9.93944,12.3392,short_circuit,1,short_circuit,1,100,experiment_2
short_circuit_1,1655,9.94424,12.344,short_circuit,1,short_circuit,1,100,experiment_2
short_circuit_1,1656,9.94904,12.3488,short_circuit,1,short_circuit,1,100,experiment_2
short_circuit_1,1657,9.95384,12.3536,short_circuit,1,short_circuit,1,100,experiment_2
short_circuit_1,1658,9.95864,12.3584,short_circuit,1,short_circuit,1,100,experiment_2
short_circuit_1,1659,9.96344,12.3632,short_circuit,1,short_circuit,1,100,experiment_2
short_circuit_1,1660,9.96824,12.368,short_circuit,1,short_circuit,1,100,experiment_2
short_circuit_1,1661,9.97304,12.3728,short_circuit,1,short_circuit,1,100,experiment_2
short_circuit_1,1662,9.97784,12.3776,short_circuit,1,short_circuit,1,100,experiment_2
short_circuit_1,1663,9.98264,12.3824,short_circuit,1,short_circuit,1,100,experiment_2
short_circuit_1,1664,9.98744,12.3872,short_circuit,1,short_circuit,1,100,experiment_2
short_circuit_1,1665,9.99224,12.392,short_circuit,1,short_circuit,1,100,experiment_2
short_circuit_1,1666,9.99704,12.3968,short_circuit,1,short_circuit,1,100,experiment_2
short_circuit_1,1667,10.00184,12.4016,short_circuit,1,short_circuit,1,100,experiment_2
short_circuit_1,1668,10.00664,12.4064,short_circuit,1,short_circuit,1,100,experiment_2
short_circuit_1,1669,10.01144,12.4112,short_circuit,1,short_circuit,1,100,experiment_2
short_circuit_1,1670,10.01624,12.416,short_circuit,1,short_circuit,1,100,experiment_2
short_circuit_1,1671,10.02104,12.4208,short_circuit,1,short_circuit,1,100,experiment_2
short_circuit_1,1672,10.02584,12.4256,short_circuit,1,short_circuit,1,100,experiment_2
short_circuit_1,1673,10.03064,12.4304,short_circuit,1,short_circuit,1,100,experiment_2
short_circuit_1,1674,10.03544,12.4352,short_circuit,1,short_circuit,1,100,experiment_2
short_circuit_1,1675,10.04024,12.44,short_circuit,1,short_circuit,1,100,experiment_2
short_circuit_1,1676,10.04504,12.4448,short_circuit,1,short_circuit,1,100,experiment_2
short_circuit_1,1677,10.04984,12.4496,short_circuit,1,short_circuit,1,100,experiment_2
short_circuit_1,1678,10.05464,12.4544,short_circuit,1,short_circuit,1,100,experiment_2
short_circuit_1,1679,10.05944,12.4592,short_circuit,1,short_circuit,1,100,experiment_2
short_circuit_1,1680,10.06424,12.464,short_circuit,1,short_circuit,1,100,experiment_2
short_circuit_1,1681,10.06904,12.4688,short_circuit,1,short_circuit,1,100,experiment_2
short_circuit_1,1682,10.07384,12.4736,short_circuit,1,short_circuit,1,100,experiment_2
short_circuit_1,1683,10.07864,12.4784,short_circuit,1,short_circuit,1,100,experiment_2
short_circuit_1,1684,10.08344,12.4832,short_circuit,1,short_circuit,1,100,experiment_2
short_circuit_1,1685,10.08824,12.488,short_circuit,1,short_circuit,1,100,experiment_2
short_circuit_1,1686,10.09304,12.4928,short_circuit,1,short_circuit,1,100,experiment_2
short_circuit_1,1687,10.09784,12.4976,short_circuit,1,short_circuit,1,100,experiment_2
short_circuit_1,1688,10.10264,12.5024,short_circuit,1,short_circuit,1,100,experiment_2
short_circuit_1,1689,10.10744,12.5072,short_circuit,1,short_circuit,1,100,experiment_2
short_circuit_1,1690,10.11224,12.512,short_circuit,1,short_circuit,1,100,experiment_2
short_circuit_1,1691,10.11704,12.5168,short_circuit,1,short_circuit,1,100,experiment_2
short_circuit_1,1692,10.12184,12.5216,short_circuit,1,short_circuit,1,100,experiment_2
short_circuit_1,1693,10.12664,12.5264,short_circuit,1,short_circuit,1,100,experiment_2
short_circuit_1,1694,10.13144,12.5312,short_circuit,1,short_circuit,1,100,experiment_2
short_circuit_1,1695,10.13624,12.536,short_circuit,1,short_circuit,1,100,experiment_2
short_circuit_1,1696,10.14104,12.5408,short_circuit,1,short_circuit,1,100,experiment_2
short_circuit_1,1697,10.14584,12.5456,short_circuit,1,short_circuit,1,100,experiment_2
short_circuit_1,1698,10.15064,12.5504,short_circuit,1,short_circuit,1,100,experiment_2
short_circuit_1,1699,10.15544,12.5552,short_circuit,1,short_circuit,1,100,experiment_2
short_circuit_1,1700,10.16024,12.56,short_circuit,1,short_circuit,1,100,experiment_2
short_circuit_1,1701,10.16504,12.5648,short_circuit,1,short_circuit,1,100,experiment_2
short_circuit_1,1702,10.16984,12.5696,short_circuit,1,short_circuit,1,100,experiment_2
short_circuit_1,1703,10.17464,12.5744,short_circuit,1,short_circuit,1,100,experiment_2
short_circuit_1,1704,10.17944,12.5792,short_circuit,1,short_circuit,1,100,experiment_2
short_circuit_1,1705,10.18424,12.584,short_circuit,1,short_circuit,1,100,experiment_2
short_circuit_1,1706,10.18904,12.5888,short_circuit,1,short_circuit,1,100,experiment_2
short_circuit_1,1707,10.19384,12.5936,short_circuit,1,short_circuit,1,100,experiment_2
short_circuit_1,1708,10.19864,12.5984,short_circuit,1,short_circuit,1,100,experiment_2
short_circuit_1,1709,10.20344,12.6032,short_circuit,1,short_circuit,1,100,experiment_2
short_circuit_1,1710,10.20824,12.608,short_circuit,1,short_circuit,1,100,experiment_2
short_circuit_1,1711,10.21304,12.6128,short_circuit,1,short_circuit,1,100,experiment_2
short_circuit_1,1712,10.21784,12.6176,short_circuit,1,short_circuit,1,100,experiment_2
short_circuit_1,1713,10.22264,12.6224,short_circuit,1,short_circuit,1,100,experiment_2
short_circuit_1,1714,10.22744,12.6272,short_circuit,1,short_circuit,1,100,experiment_2
short_circuit_1,1715,10.23224,12.632,short_circuit,1,short_circuit,1,100,experiment_2
short_circuit_1,1716,10.23704,12.6368,short_circuit,1,short_circuit,1,100,experiment_2
short_circuit_1,1717,10.24184,12.6416,short_circuit,1,short_circuit,1,100,experiment_2
short_circuit_1,1718,10.24664,12.6464,short_circuit,1,short_circuit,1,100,experiment_2
short_circuit_1,1719,10.25144,12.6512,short_circuit,1,short_circuit,1,100,experiment_2
short_circuit_1,1720,10.25624,12.656,short_circuit,1,short_circuit,1,100,experiment_2
short_circuit_1,1721,10.26104,12.6608,short_circuit,1,short_circuit,1,100,experiment_2
short_circuit_1,1722,10.26584,12.6656,short_circuit,1,short_circuit,1,100,experiment_2
short_circuit_1,1723,10.27064,12.6704,short_circuit,1,short_circuit,1,100,experiment_2
short_circuit_1,1724,10.27544,12.6752,short_circuit,1,short_circuit,1,100,experiment_2
short_circuit_1,1725,10.28024,12.68,short_circuit,1,short_circuit,1,100,experiment_2
short_circuit_1,1726,10.28504,12.6848,short_circuit,1,short_circuit,1,100,experiment_2
short_circuit_1,1727,10.28984,12.6896,short_circuit,1,short_circuit,1,100,experiment_2
short_circuit_1,1728,10.29464,12.6944,short_circuit,1,short_circuit,1,100,experiment_2
short_circuit_1,1729,10.29944,12.6992,short_circuit,1,short_circuit,1,100,experiment_2
short_circuit_1,1730,10.30424,12.704,short_circuit,1,short_circuit,1,100,experiment_2
short_circuit_1,1731,10.30904,12.7088,short_circuit,1,short_circuit,1,100,experiment_2
short_circuit_1,1732,10.31384,12.7136,short_circuit,1,short_circuit,1,100,experiment_2
short_circuit_1,1733,10.31864,12.7184,short_circuit,1,short_circuit,1,100,experiment_2
short_circuit_1,1734,10.32344,12.7232,short_circuit,1,short_circuit,1,100,experiment_2
short_circuit_1,1735,10.32824,12.728,short_circuit,1,short_circuit,1,100,experiment_2
short_circuit_1,1736,10.33304,12.7328,short_circuit,1,short_circuit,1,100,experiment_2
short_circuit_1,1737,10.33784,12.7376,short_circuit,1,short_circuit,1,100,experiment_2
short_circuit_1,1738,10.34264,12.7424,short_circuit,1,short_circuit,1,100,experiment_2
short_circuit_1,1739,10.34744,12.7472,short_circuit,1,short_circuit,1,100,experiment_2
short_circuit_1,1740,10.35224,12.752,short_circuit,1,short_circuit,1,100,experiment_2
short_circuit_1,1741,10.35704,12.7568,short_circuit,1,short_circuit,1,100,experiment_2
short_circuit_1,1742,10.36184,12.7616,short_circuit,1,short_circuit,1,100,experiment_2
short_circuit_1,1743,10.36664,12.7664,short_circuit,1,short_circuit,1,100,experiment_2
short_circuit_1,1744,10.37144,12.7712,short_circuit,1,short_circuit,1,100,experiment_2
short_circuit_1,1745,10.37624,12.776,short_circuit,1,short_circuit,1,100,experiment_2
short_circuit_1,1746,10.38104,12.7808,short_circuit,1,short_circuit,1,100,experiment_2
short_circuit_1,1747,10.38584,12.7856,short_circuit,1,short_circuit,1,100,experiment_2
short_circuit_1,1748,10.39064,12.7904,short_circuit,1,short_circuit,1,100,experiment_2
short_circuit_1,1749,10.39544,12.7952,short_circuit,1,short_circuit,1,100,experiment_2
short_circuit_1,1750,10.40024,12.8,short_circuit,1,short_circuit,1,100,experiment_2
short_circuit_1,1751,10.40504,12.8048,short_circuit,1,short_circuit,1,100,experiment_2
short_circuit_1,1752,10.40984,12.8096,short_circuit,1,short_circuit,1,100,experiment_2
short_circuit_1,1753,10.41464,12.8144,short_circuit,1,short_circuit,1,100,experiment_2
short_circuit_1,1754,10.41944,12.8192,short_circuit,1,short_circuit,1,100,experiment_2
short_circuit_1,1755,10.42424,12.824,short_circuit,1,short_circuit,1,100,experiment_2
short_circuit_1,1756,10.42904,12.8288,short_circuit,1,short_circuit,1,100,experiment_2
short_circuit_1,1757,10.43384,12.8336,short_circuit,1,short_circuit,1,100,experiment_2
short_circuit_1,1758,10.43864,12.8384,short_circuit,1,short_circuit,1,100,experiment_2
short_circuit_1,1759,10.44344,12.8432,short_circuit,1,short_circuit,1,100,experiment_2
short_circuit_1,1760,10.44824,12.848,short_circuit,1,short_circuit,1,100,experiment_2
short_circuit_1,1761,10.45304,12.8528,short_circuit,1,short_circuit,1,100,experiment_2
short_circuit_1,1762,10.45784,12.8576,short_circuit,1,short_circuit,1,100,experiment_2
short_circuit_1,1763,10.46264,12.8624,short_circuit,1,short_circuit,1,100,experiment_2
short_circuit_1,1764,10.46744,12.8672,short_circuit,1,short_circuit,1,100,experiment_2
short_circuit_1,1765,10.47224,12.872,short_circuit,1,short_circuit,1,100,experiment_2
short_circuit_1,1766,10.47704,12.8768,short_circuit,1,short_circuit,1,100,experiment_2
short_circuit_1,1767,10.48184,12.8816,short_circuit,1,short_circuit,1,100,experiment_2
short_circuit_1,1768,10.48664,12.8864,short_circuit,1,short_circuit,1,100,experiment_2
short_circuit_1,1769,10.49144,12.8912,short_circuit,1,short_circuit,1,100,experiment_2
short_circuit_1,1770,10.49624,12.896,short_circuit,1,short_circuit,1,100,experiment_2
short_circuit_1,1771,10.50104,12.9008,short_circuit,1,short_circuit,1,100,experiment_2
short_circuit_1,1772,10.50584,12.9056,short_circuit,1,short_circuit,1,100,experiment_2
short_circuit_1,1773,10.51064,12.9104,short_circuit,1,short_circuit,1,100,experiment_2
short_circuit_1,1774,10.51544,12.9152,short_circuit,1,short_circuit,1,100,experiment_2
short_circuit_1,1775,10.52024,12.92,short_circuit,1,short_circuit,1,100,experiment_2
short_circuit_1,1776,10.52504,12.9248,short_circuit,1,short_circuit,1,100,experiment_2
short_circuit_1,1777,10.52984,12.9296,short_circuit,1,short_circuit,1,100,experiment_2
short_circuit_1,1778,10.53464,12.9344,short_circuit,1,short_circuit,1,100,experiment_2
short_circuit_1,1779,10.53944,12.9392,short_circuit,1,short_circuit,1,100,experiment_2
short_circuit_1,1780,10.54424,12.944,short_circuit,1,short_circuit,1,100,experiment_2
short_circuit_1,1781,10.54904,12.9488,short_circuit,1,short_circuit,1,100,experiment_2
short_circuit_1,1782,10.55384,12.9536,short_circuit,1,short_circuit,1,100,experiment_2
short_circuit_1,1783,10.55864,12.9584,short_circuit,1,short_circuit,1,100,experiment_2
short_circuit_1,1784,10.56344,12.9632,short_circuit,1,short_circuit,1,100,experiment_2
short_circuit_1,1785,10.56824,12.968,short_circuit,1,short_circuit,1,100,experiment_2
short_circuit_1,1786,10.57304,12.9728,short_circuit,1,short_circuit,1,100,experiment_2
short_circuit_1,1787,10.57784,12.9776,short_circuit,1,short_circuit,1,100,experiment_2
short_circuit_1,1788,10.58264,12.9824,short_circuit,1,short_circuit,1,100,experiment_2
short_circuit_1,1789,10.58744,12.9872,short_circuit,1,short_circuit,1,100,experiment_2
short_circuit_1,1790,10.59224,12.992,short_circuit,1,short_circuit,1,100,experiment_2
short_circuit_1,1791,10.59704,12.9968,short_circuit,1,short_circuit,1,100,experiment_2
short_circuit_1,1792,10.60184,13.0016,short_circuit,1,short_circuit,1,100,experiment_2
short_circuit_1,1793,10.60664,13.0064,short_circuit,1,short_circuit,1,100,experiment_2
short_circuit_1,1794,10.61144,13.0112,short_circuit,1,short_circuit,1,100,experiment_2
short_circuit_1,1795,10.61624,13.016,short_circuit,1,short_circuit,1,100,experiment_2
short_circuit_1,1796,10.62104,13.0208,short_circuit,1,short_circuit,1,100,experiment_2
short_circuit_1,1797,10.62584,13.0256,short_circuit,1,short_circuit,1,100,experiment_2
short_circuit_1,1798,10.63064,13.0304,short_circuit,1,short_circuit,1,100,experiment_2
short_circuit_1,1799,10.63544,13.0352,short_circuit,1,short_circuit,1,100,experiment_2
short_circuit_1,1800,10.64024,13.04,short_circuit,1,short_circuit,1,100,experiment_2
short_circuit_1,1801,10.64504,13.0448,short_circuit,1,short_circuit,1,100,experiment_2
short_circuit_1,1802,10.64984,13.0496,short_circuit,1,short_circuit,1,100,experiment_2
short_circuit_1,1803,10.65464,13.0544,short_circuit,1,short_circuit,1,100,experiment_2
short_circuit_1,1804,10.65944,13.0592,short_circuit,1,short_circuit,1,100,experiment_2
short_circuit_1,1805,10.66424,13.064,short_circuit,1,short_circuit,1,100,experiment_2
short_circuit_1,1806,10.66904,13.0688,short_circuit,1,short_circuit,1,100,experiment_2
short_circuit_1,1807,10.67384,13.0736,short_circuit,1,short_circuit,1,100,experiment_2
short_circuit_1,1808,10.67864,13.0784,short_circuit,1,short_circuit,1,100,experiment_2
short_circuit_1,1809,10.68344,13.0832,short_circuit,1,short_circuit,1,100,experiment_2
short_circuit_1,1810,10.68824,13.088,short_circuit,1,short_circuit,1,100,experiment_2
short_circuit_1,1811,10.69304,13.0928,short_circuit,1,short_circuit,1,100,experiment_2
short_circuit_1,1812,10.69784,13.0976,short_circuit,1,short_circuit,1,100,experiment_2
short_circuit_1,1813,10.70264,13.1024,short_circuit,1,short_circuit,1,100,experiment_2
short_circuit_1,1814,10.70744,13.1072,short_circuit,1,short_circuit,1,100,experiment_2
short_circuit_1,1815,10.71224,13.112,short_circuit,1,short_circuit,1,100,experiment_2
short_circuit_1,1816,10.71704,13.1168,short_circuit,1,short_circuit,1,100,experiment_2
short_circuit_1,1817,10.72184,13.1216,short_circuit,1,short_circuit,1,100,experiment_2
short_circuit_1,1818,10.72664,13.1264,short_circuit,1,short_circuit,1,100,experiment_2
short_circuit_1,1819,10.73144,13.1312,short_circuit,1,short_circuit,1,100,experiment_2
short_circuit_1,1820,10.73624,13.136,short_circuit,1,short_circuit,1,100,experiment_2
short_circuit_1,1821,10.74104,13.1408,short_circuit,1,short_circuit,1,100,experiment_2
short_circuit_1,1822,10.74584,13.1456,short_circuit,1,short_circuit,1,100,experiment_2
short_circuit_1,1823,10.75064,13.1504,short_circuit,1,short_circuit,1,100,experiment_2
short_circuit_1,1824,10.75544,13.1552,short_circuit,1,short_circuit,1,100,experiment_2
short_circuit_1,1825,10.76024,13.16,short_circuit,1,short_circuit,1,100,experiment_2
short_circuit_1,1826,10.76504,13.1648,short_circuit,1,short_circuit,1,100,experiment_2
short_circuit_1,1827,10.76984,13.1696,short_circuit,1,short_circuit,1,100,experiment_2
short_circuit_1,1828,10.77464,13.1744,short_circuit,1,short_circuit,1,100,experiment_2
short_circuit_1,1829,10.77944,13.1792,short_circuit,1,short_circuit,1,100,experiment_2
short_circuit_1,1830,10.78424,13.184,short_circuit,1,short_circuit,1,100,experiment_2
short_circuit_1,1831,10.78904,13.1888,short_circuit,1,short_circuit,1,100,experiment_2
short_circuit_1,1832,10.79384,13.1936,short_circuit,1,short_circuit,1,100,experiment_2
short_circuit_1,1833,10.79864,13.1984,short_circuit,1,short_circuit,1,100,experiment_2
short_circuit_1,1834,10.80344,13.2032,short_circuit,1,short_circuit,1,100,experiment_2
short_circuit_1,1835,10.80824,13.208,short_circuit,1,short_circuit,1,100,experiment_2
short_circuit_1,1836,10.81304,13.2128,short_circuit,1,short_circuit,1,100,experiment_2
short_circuit_1,1837,10.81784,13.2176,short_circuit,1,short_circuit,1,100,experiment_2
short_circuit_1,1838,10.82264,13.2224,short_circuit,1,short_circuit,1,100,experiment_2
short_circuit_1,1839,10.82744,13.2272,short_circuit,1,short_circuit,1,100,experiment_2
short_circuit_1,1840,10.83224,13.232,short_circuit,1,short_circuit,1,100,experiment_2
short_circuit_1,1841,10.83704,13.2368,short_circuit,1,short_circuit,1,100,experiment_2
short_circuit_1,1842,10.84184,13.2416,short_circuit,1,short_circuit,1,100,experiment_2
short_circuit_1,1843,10.84664,13.2464,short_circuit,1,short_circuit,1,100,experiment_2
short_circuit_1,1844,10.85144,13.2512,short_circuit,1,short_circuit,1,100,experiment_2
short_circuit_1,1845,10.85624,13.256,short_circuit,1,short_circuit,1,100,experiment_2
short_circuit_1,1846,10.86104,13.2608,short_circuit,1,short_circuit,1,100,experiment_2
short_circuit_1,1847,10.86584,13.2656,short_circuit,1,short_circuit,1,100,experiment_2
short_circuit_1,1848,10.87064,13.2704,short_circuit,1,short_circuit,1,100,experiment_2
short_circuit_1,1849,10.87544,13.2752,short_circuit,1,short_circuit,1,100,experiment_2
short_circuit_1,1850,10.88024,13.28,short_circuit,1,short_circuit,1,100,experiment_2
short_circuit_1,1851,10.88504,13.2848,short_circuit,1,short_circuit,1,100,experiment_2
short_circuit_1,1852,10.88984,13.2896,short_circuit,1,short_circuit,1,100,experiment_2
short_circuit_1,1853,10.89464,13.2944,short_circuit,1,short_circuit,1,100,experiment_2
short_circuit_1,1854,10.89944,13.2992,short_circuit,1,short_circuit,1,100,experiment_2
short_circuit_1,1855,10.90424,13.304,short_circuit,1,short_circuit,1,100,experiment_2
short_circuit_1,1856,10.90904,13.3088,short_circuit,1,short_circuit,1,100,experiment_2
short_circuit_1,1857,10.91384,13.3136,short_circuit,1,short_circuit,1,100,experiment_2
short_circuit_1,1858,10.91864,13.3184,short_circuit,1,short_circuit,1,100,experiment_2
short_circuit_1,1859,10.92344,13.3232,short_circuit,1,short_circuit,1,100,experiment_2
short_circuit_1,1860,10.92824,13.328,short_circuit,1,short_circuit,1,100,experiment_2
short_circuit_1,1861,10.93304,13.3328,short_circuit,1,short_circuit,1,100,experiment_2
short_circuit_1,1862,10.93784,13.3376,short_circuit,1,short_circuit,1,100,experiment_2
short_circuit_1,1863,10.94264,13.3424,short_circuit,1,short_circuit,1,100,experiment_2
short_circuit_1,1864,10.94744,13.3472,short_circuit,1,short_circuit,1,100,experiment_2
short_circuit_1,1865,10.95224,13.352,short_circuit,1,short_circuit,1,100,experiment_2
short_circuit_1,1866,10.95704,13.3568,short_circuit,1,short_circuit,1,100,experiment_2
short_circuit_1,1867,10.96184,13.3616,short_circuit,1,short_circuit,1,100,experiment_2
short_circuit_1,1868,10.96664,13.3664,short_circuit,1,short_circuit,1,100,experiment_2
short_circuit_1,1869,10.97144,13.3712,short_circuit,1,short_circuit,1,100,experiment_2
short_circuit_1,1870,10.97624,13.376,short_circuit,1,short_circuit,1,100,experiment_2
short_circuit_1,1871,10.98104,13.3808,short_circuit,1,short_circuit,1,100,experiment_2
short_circuit_1,1872,10.98584,13.3856,short_circuit,1,short_circuit,1,100,experiment_2
short_circuit_1,1873,10.99064,13.3904,short_circuit,1,short_circuit,1,100,experiment_2
short_circuit_1,1874,10.99544,13.3952,short_circuit,1,short_circuit,1,100,experiment_2
short_circuit_1,1875,11.00024,13.4,short_circuit,1,short_circuit,1,100,experiment_2
short_circuit_1,1876,11.00504,13.4048,short_circuit,1,short_circuit,1,100,experiment_2
short_circuit_1,1877,11.00984,13.4096,short_circuit,1,short_circuit,1,100,experiment_2
short_circuit_1,1878,11.01464,13.4144,short_circuit,1,short_circuit,1,100,experiment_2
short_circuit_1,1879,11.01944,13.4192,short_circuit,1,short_circuit,1,100,experiment_2
short_circuit_1,1880,11.02424,13.424,short_circuit,1,short_circuit,1,100,experiment_2
short_circuit_1,1881,11.02904,13.4288,short_circuit,1,short_circuit,1,100,experiment_2
short_circuit_1,1882,11.03384,13.4336,short_circuit,1,short_circuit,1,100,experiment_2
short_circuit_1,1883,11.03864,13.4384,short_circuit,1,short_circuit,1,100,experiment_2
short_circuit_1,1884,11.04344,13.4432,short_circuit,1,short_circuit,1,100,experiment_2
short_circuit_1,1885,11.04824,13.448,short_circuit,1,short_circuit,1,100,experiment_2
short_circuit_1,1886,11.05304,13.4528,short_circuit,1,short_circuit,1,100,experiment_2
short_circuit_1,1887,11.05784,13.4576,short_circuit,1,short_circuit,1,100,experiment_2
short_circuit_1,1888,11.06264,13.4624,short_circuit,1,short_circuit,1,100,experiment_2
short_circuit_1,1889,11.06744,13.4672,short_circuit,1,short_circuit,1,100,experiment_2
short_circuit_1,1890,11.07224,13.472,short_circuit,1,short_circuit,1,100,experiment_2
short_circuit_1,1891,11.07704,13.4768,short_circuit,1,short_circuit,1,100,experiment_2
short_circuit_1,1892,11.08184,13.4816,short_circuit,1,short_circuit,1,100,experiment_2
short_circuit_1,1893,11.08664,13.4864,short_circuit,1,short_circuit,1,100,experiment_2
short_circuit_1,1894,11.09144,13.4912,short_circuit,1,short_circuit,1,100,experiment_2
short_circuit_1,1895,11.09624,13.496,short_circuit,1,short_circuit,1,100,experiment_2
short_circuit_1,1896,11.10104,13.5008,short_circuit,1,short_circuit,1,100,experiment_2
short_circuit_1,1897,11.10584,13.5056,short_circuit,1,short_circuit,1,100,experiment_2
short_circuit_1,1898,11.11064,13.5104,short_circuit,1,short_circuit,1,100,experiment_2
short_circuit_1,1899,11.11544,13.5152,short_circuit,1,short_circuit,1,100,experiment_2
short_circuit_1,1900,11.12024,13.52,short_circuit,1,short_circuit,1,100,experiment_2
short_circuit_1,1901,11.12504,13.5248,short_circuit,1,short_circuit,1,100,experiment_2
short_circuit_1,1902,11.12984,13.5296,short_circuit,1,short_circuit,1,100,experiment_2
short_circuit_1,1903,11.13464,13.5344,short_circuit,1,short_circuit,1,100,experiment_2
short_circuit_1,1904,11.13944,13.5392,short_circuit,1,short_circuit,1,100,experiment_2
short_circuit_1,1905,11.14424,13.544,short_circuit,1,short_circuit,1,100,experiment_2
short_circuit_1,1906,11.14904,13.5488,short_circuit,1,short_circuit,1,100,experiment_2
short_circuit_1,1907,11.15384,13.5536,short_circuit,1,short_circuit,1,100,experiment_2
short_circuit_1,1908,11.15864,13.5584,short_circuit,1,short_circuit,1,100,experiment_2
short_circuit_1,1909,11.16344,13.5632,short_circuit,1,short_circuit,1,100,experiment_2
short_circuit_1,1910,11.16824,13.568,short_circuit,1,short_circuit,1,100,experiment_2
short_circuit_1,1911,11.17304,13.5728,short_circuit,1,short_circuit,1,100,experiment_2
short_circuit_1,1912,11.17784,13.5776,short_circuit,1,short_circuit,1,100,experiment_2
short_circuit_1,1913,11.18264,13.5824,short_circuit,1,short_circuit,1,100,experiment_2
short_circuit_1,1914,11.18744,13.5872,short_circuit,1,short_circuit,1,100,experiment_2
short_circuit_1,1915,11.19224,13.592,short_circuit,1,short_circuit,1,100,experiment_2
short_circuit_1,1916,11.19704,13.5968,short_circuit,1,short_circuit,1,100,experiment_2
short_circuit_1,1917,11.20184,13.6016,short_circuit,1,short_circuit,1,100,experiment_2
short_circuit_1,1918,11.20664,13.6064,short_circuit,1,short_circuit,1,100,experiment_2
short_circuit_1,1919,11.21144,13.6112,short_circuit,1,short_circuit,1,100,experiment_2
short_circuit_1,1920,11.21624,13.616,short_circuit,1,short_circuit,1,100,experiment_2
short_circuit_1,1921,11.22104,13.6208,short_circuit,1,short_circuit,1,100,experiment_2
short_circuit_1,1922,11.22584,13.6256,short_circuit,1,short_circuit,1,100,experiment_2
short_circuit_1,1923,11.23064,13.6304,short_circuit,1,short_circuit,1,100,experiment_2
short_circuit_1,1924,11.23544,13.6352,short_circuit,1,short_circuit,1,100,experiment_2
short_circuit_1,1925,11.24024,13.64,short_circuit,1,short_circuit,1,100,experiment_2
short_circuit_1,1926,11.24504,13.6448,short_circuit,1,short_circuit,1,100,experiment_2
short_circuit_1,1927,11.24984,13.6496,short_circuit,1,short_circuit,1,100,experiment_2
short_circuit_1,1928,11.25464,13.6544,short_circuit,1,short_circuit,1,100,experiment_2
short_circuit_1,1929,11.25944,13.6592,short_circuit,1,short_circuit,1,100,experiment_2
short_circuit_1,1930,11.26424,13.664,short_circuit,1,short_circuit,1,100,experiment_2
short_circuit_1,1931,11.26904,13.6688,short_circuit,1,short_circuit,1,100,experiment_2
short_circuit_1,1932,11.27384,13.6736,short_circuit,1,short_circuit,1,100,experiment_2
short_circuit_1,1933,11.27864,13.6784,short_circuit,1,short_circuit,1,100,experiment_2
short_circuit_1,1934,11.28344,13.6832,short_circuit,1,short_circuit,1,100,experiment_2
short_circuit_1,1935,11.28824,13.688,short_circuit,1,short_circuit,1,100,experiment_2
short_circuit_1,1936,11.29304,13.6928,short_circuit,1,short_circuit,1,100,experiment_2
short_circuit_1,1937,11.29784,13.6976,short_circuit,1,short_circuit,1,100,experiment_2
short_circuit_1,1938,11.30264,13.7024,short_circuit,1,short_circuit,1,100,experiment_2
short_circuit_1,1939,11.30744,13.7072,short_circuit,1,short_circuit,1,100,experiment_2
short_circuit_1,1940,11.31224,13.712,short_circuit,1,short_circuit,1,100,experiment_2
short_circuit_1,1941,11.31704,13.7168,short_circuit,1,short_circuit,1,100,experiment_2
short_circuit_1,1942,11.32184,13.7216,short_circuit,1,short_circuit,1,100,experiment_2
short_circuit_1,1943,11.32664,13.7264,short_circuit,1,short_circuit,1,100,experiment_2
short_circuit_1,1944,11.33144,13.7312,short_circuit,1,short_circuit,1,100,experiment_2
short_circuit_1,1945,11.33624,13.736,short_circuit,1,short_circuit,1,100,experiment_2
short_circuit_1,1946,11.34104,13.7408,short_circuit,1,short_circuit,1,100,experiment_2
short_circuit_1,1947,11.34584,13.7456,short_circuit,1,short_circuit,1,100,experiment_2
short_circuit_1,1948,11.35064,13.7504,short_circuit,1,short_circuit,1,100,experiment_2
short_circuit_1,1949,11.35544,13.7552,short_circuit,1,short_circuit,1,100,experiment_2
short_circuit_1,1950,11.36024,13.76,short_circuit,1,short_circuit,1,100,experiment_2
short_circuit_1,1951,11.36504,13.7648,short_circuit,1,short_circuit,1,100,experiment_2
short_circuit_1,1952,11.36984,13.7696,short_circuit,1,short_circuit,1,100,experiment_2
short_circuit_1,1953,11.37464,13.7744,short_circuit,1,short_circuit,1,100,experiment_2
short_circuit_1,1954,11.37944,13.7792,short_circuit,1,short_circuit,1,100,experiment_2
short_circuit_1,1955,11.38424,13.784,short_circuit,1,short_circuit,1,100,experiment_2
short_circuit_1,1956,11.38904,13.7888,short_circuit,1,short_circuit,1,100,experiment_2
short_circuit_1,1957,11.39384,13.7936,short_circuit,1,short_circuit,1,100,experiment_2
short_circuit_1,1958,11.39864,13.7984,short_circuit,1,short_circuit,1,100,experiment_2
short_circuit_1,1959,11.40344,13.8032,short_circuit,1,short_circuit,1,100,experiment_2
short_circuit_1,1960,11.40824,13.808,short_circuit,1,short_circuit,1,100,experiment_2
short_circuit_1,1961,11.41304,13.8128,short_circuit,1,short_circuit,1,100,experiment_2
short_circuit_1,1962,11.41784,13.8176,short_circuit,1,short_circuit,1,100,experiment_2
short_circuit_1,1963,11.42264,13.8224,short_circuit,1,short_circuit,1,100,experiment_2
short_circuit_1,1964,11.42744,13.8272,short_circuit,1,short_circuit,1,100,experiment_2
short_circuit_1,1965,11.43224,13.832,short_circuit,1,short_circuit,1,100,experiment_2
short_circuit_1,1966,11.43704,13.8368,short_circuit,1,short_circuit,1,100,experiment_2
short_circuit_1,1967,11.44184,13.8416,short_circuit,1,short_circuit,1,100,experiment_2
short_circuit_1,1968,11.44664,13.8464,short_circuit,1,short_circuit,1,100,experiment_2
short_circuit_1,1969,11.45144,13.8512,short_circuit,1,short_circuit,1,100,experiment_2
short_circuit_1,1970,11.45624,13.856,short_circuit,1,short_circuit,1,100,experiment_2
short_circuit_1,1971,11.46104,13.8608,short_circuit,1,short_circuit,1,100,experiment_2
short_circuit_1,1972,11.46584,13.8656,short_circuit,1,short_circuit,1,100,experiment_2
short_circuit_1,1973,11.47064,13.8704,short_circuit,1,short_circuit,1,100,experiment_2
short_circuit_1,1974,11.47544,13.8752,short_circuit,1,short_circuit,1,100,experiment_2
short_circuit_1,1975,11.48024,13.88,short_circuit,1,short_circuit,1,100,experiment_2
short_circuit_1,1976,11.48504,13.8848,short_circuit,1,short_circuit,1,100,experiment_2
short_circuit_1,1977,11.48984,13.8896,short_circuit,1,short_circuit,1,100,experiment_2
short_circuit_1,1978,11.49464,13.8944,short_circuit,1,short_circuit,1,100,experiment_2
short_circuit_1,1979,11.49944,13.8992,short_circuit,1,short_circuit,1,100,experiment_2
short_circuit_1,1980,11.50424,13.904,short_circuit,1,short_circuit,1,100,experiment_2
short_circuit_1,1981,11.50904,13.9088,short_circuit,1,short_circuit,1,100,experiment_2
short_circuit_1,1982,11.51384,13.9136,short_circuit,1,short_circuit,1,100,experiment_2
short_circuit_1,1983,11.51864,13.9184,short_circuit,1,short_circuit,1,100,experiment_2
short_circuit_1,1984,11.52344,13.9232,short_circuit,1,short_circuit,1,100,experiment_2
short_circuit_1,1985,11.52824,13.928,short_circuit,1,short_circuit,1,100,experiment_2
short_circuit_1,1986,11.53304,13.9328,short_circuit,1,short_circuit,1,100,experiment_2
short_circuit_1,1987,11.53784,13.9376,short_circuit,1,short_circuit,1,100,experiment_2
short_circuit_1,1988,11.54264,13.9424,short_circuit,1,short_circuit,1,100,experiment_2
short_circuit_1,1989,11.54744,13.9472,short_circuit,1,short_circuit,1,100,experiment_2
short_circuit_1,1990,11.55224,13.952,short_circuit,1,short_circuit,1,100,experiment_2
short_circuit_1,1991,11.55704,13.9568,short_circuit,1,short_circuit,1,100,experiment_2
short_circuit_1,1992,11.56184,13.9616,short_circuit,1,short_circuit,1,100,experiment_2
short_circuit_1,1993,11.56664,13.9664,short_circuit,1,short_circuit,1,100,experiment_2
short_circuit_1,1994,11.57144,13.9712,short_circuit,1,short_circuit,1,100,experiment_2
short_circuit_1,1995,11.57624,13.976,short_circuit,1,short_circuit,1,100,experiment_2
short_circuit_1,1996,11.58104,13.9808,short_circuit,1,short_circuit,1,100,experiment_2
short_circuit_1,1997,11.58584,13.9856,short_circuit,1,short_circuit,1,100,experiment_2
short_circuit_1,1998,11.59064,13.9904,short_circuit,1,short_circuit,1,100,experiment_2
short_circuit_1,1999,11.59544,13.9952,short_circuit,1,short_circuit,1,100,experiment_2
short_circuit_1,2000,11.60024,14.0,short_circuit,1,short_circuit,1,100,experiment_2
short_circuit_1,2001,11.60504,14.0048,short_circuit,1,short_circuit,1,100,experiment_2
short_circuit_1,2002,11.60984,14.0096,short_circuit,1,short_circuit,1,100,experiment_2
short_circuit_1,2003,11.61464,14.0144,short_circuit,1,short_circuit,1,100,experiment_2
short_circuit_1,2004,11.61944,14.0192,short_circuit,1,short_circuit,1,100,experiment_2
short_circuit_1,2005,11.62424,14.024,short_circuit,1,short_circuit,1,100,experiment_2
short_circuit_1,2006,11.62904,14.0288,short_circuit,1,short_circuit,1,100,experiment_2
short_circuit_1,2007,11.63384,14.0336,short_circuit,1,short_circuit,1,100,experiment_2
short_circuit_1,2008,11.63864,14.0384,short_circuit,1,short_circuit,1,100,experiment_2
short_circuit_1,2009,11.64344,14.0432,short_circuit,1,short_circuit,1,100,experiment_2
short_circuit_1,2010,11.64824,14.048,short_circuit,1,short_circuit,1,100,experiment_2
short_circuit_1,2011,11.65304,14.0528,short_circuit,1,short_circuit,1,100,experiment_2
short_circuit_1,2012,11.65784,14.0576,short_circuit,1,short_circuit,1,100,experiment_2
short_circuit_1,2013,11.66264,14.0624,short_circuit,1,short_circuit,1,100,experiment_2
short_circuit_1,2014,11.66744,14.0672,short_circuit,1,short_circuit,1,100,experiment_2
short_circuit_1,2015,11.67224,14.072,short_circuit,1,short_circuit,1,100,experiment_2
short_circuit_1,2016,11.67704,14.0768,short_circuit,1,short_circuit,1,100,experiment_2
short_circuit_1,2017,11.68184,14.0816,short_circuit,1,short_circuit,1,100,experiment_2
short_circuit_1,2018,11.68664,14.0864,short_circuit,1,short_circuit,1,100,experiment_2
short_circuit_1,2019,11.69144,14.0912,short_circuit,1,short_circuit,1,100,experiment_2
short_circuit_1,2020,11.69624,14.096,short_circuit,1,short_circuit,1,100,experiment_2
short_circuit_1,2021,11.70104,14.1008,short_circuit,1,short_circuit,1,100,experiment_2
short_circuit_1,2022,11.70584,14.1056,short_circuit,1,short_circuit,1,100,experiment_2
short_circuit_1,2023,11.71064,14.1104,short_circuit,1,short_circuit,1,100,experiment_2
short_circuit_1,2024,11.71544,14.1152,short_circuit,1,short_circuit,1,100,experiment_2
short_circuit_1,2025,11.72024,14.12,short_circuit,1,short_circuit,1,100,experiment_2
short_circuit_1,2026,11.72504,14.1248,short_circuit,1,short_circuit,1,100,experiment_2
short_circuit_1,2027,11.72984,14.1296,short_circuit,1,short_circuit,1,100,experiment_2
short_circuit_1,2028,11.73464,14.1344,short_circuit,1,short_circuit,1,100,experiment_2
short_circuit_1,2029,11.73944,14.1392,short_circuit,1,short_circuit,1,100,experiment_2
short_circuit_1,2030,11.74424,14.144,short_circuit,1,short_circuit,1,100,experiment_2
short_circuit_1,2031,11.74904,14.1488,short_circuit,1,short_circuit,1,100,experiment_2
short_circuit_1,2032,11.75384,14.1536,short_circuit,1,short_circuit,1,100,experiment_2
short_circuit_1,2033,11.75864,14.1584,short_circuit,1,short_circuit,1,100,experiment_2
short_circuit_1,2034,11.76344,14.1632,short_circuit,1,short_circuit,1,100,experiment_2
short_circuit_1,2035,11.76824,14.168,short_circuit,1,short_circuit,1,100,experiment_2
short_circuit_1,2036,11.77304,14.1728,short_circuit,1,short_circuit,1,100,experiment_2
short_circuit_1,2037,11.77784,14.1776,short_circuit,1,short_circuit,1,100,experiment_2
short_circuit_1,2038,11.78264,14.1824,short_circuit,1,short_circuit,1,100,experiment_2
short_circuit_1,2039,11.78744,14.1872,short_circuit,1,short_circuit,1,100,experiment_2
short_circuit_1,2040,11.79224,14.192,short_circuit,1,short_circuit,1,100,experiment_2
short_circuit_1,2041,11.79704,14.1968,short_circuit,1,short_circuit,1,100,experiment_2
short_circuit_1,2042,11.80184,14.2016,short_circuit,1,short_circuit,1,100,experiment_2
short_circuit_1,2043,11.80664,14.2064,short_circuit,1,short_circuit,1,100,experiment_2
short_circuit_1,2044,11.81144,14.2112,short_circuit,1,short_circuit,1,100,experiment_2
short_circuit_1,2045,11.81624,14.216,short_circuit,1,short_circuit,1,100,experiment_2
short_circuit_1,2046,11.82104,14.2208,short_circuit,1,short_circuit,1,100,experiment_2
short_circuit_1,2047,11.82584,14.2256,short_circuit,1,short_circuit,1,100,experiment_2
short_circuit_1,2048,11.83064,14.2304,short_circuit,1,short_circuit,1,100,experiment_2
short_circuit_1,2049,11.83544,14.2352,short_circuit,1,short_circuit,1,100,experiment_2
short_circuit_1,2050,11.84024,14.24,short_circuit,1,short_circuit,1,100,experiment_2
short_circuit_1,2051,11.84504,14.2448,short_circuit,1,short_circuit,1,100,experiment_2
short_circuit_1,2052,11.84984,14.2496,short_circuit,1,short_circuit,1,100,experiment_2
short_circuit_1,2053,11.85464,14.2544,short_circuit,1,short_circuit,1,100,experiment_2
short_circuit_1,2054,11.85944,14.2592,short_circuit,1,short_circuit,1,100,experiment_2
short_circuit_1,2055,11.86424,14.264,short_circuit,1,short_circuit,1,100,experiment_2
short_circuit_1,2056,11.86904,14.2688,short_circuit,1,short_circuit,1,100,experiment_2
short_circuit_1,2057,11.87384,14.2736,short_circuit,1,short_circuit,1,100,experiment_2
short_circuit_1,2058,11.87864,14.2784,short_circuit,1,short_circuit,1,100,experiment_2
short_circuit_1,2059,11.88344,14.2832,short_circuit,1,short_circuit,1,100,experiment_2
short_circuit_1,2060,11.88824,14.288,short_circuit,1,short_circuit,1,100,experiment_2
short_circuit_1,2061,11.89304,14.2928,short_circuit,1,short_circuit,1,100,experiment_2
short_circuit_1,2062,11.89784,14.2976,short_circuit,1,short_circuit,1,100,experiment_2
short_circuit_1,2063,11.90264,14.3024,short_circuit,1,short_circuit,1,100,experiment_2
short_circuit_1,2064,11.90744,14.3072,short_circuit,1,short_circuit,1,100,experiment_2
short_circuit_1,2065,11.91224,14.312,short_circuit,1,short_circuit,1,100,experiment_2
short_circuit_1,2066,11.91704,14.3168,short_circuit,1,short_circuit,1,100,experiment_2
short_circuit_1,2067,11.92184,14.3216,short_circuit,1,short_circuit,1,100,experiment_2
short_circuit_1,2068,11.92664,14.3264,short_circuit,1,short_circuit,1,100,experiment_2
short_circuit_1,2069,11.93144,14.3312,short_circuit,1,short_circuit,1,100,experiment_2
short_circuit_1,2070,11.93624,14.336,short_circuit,1,short_circuit,1,100,experiment_2
short_circuit_1,2071,11.94104,14.3408,short_circuit,1,short_circuit,1,100,experiment_2
short_circuit_1,2072,11.94584,14.3456,short_circuit,1,short_circuit,1,100,experiment_2
short_circuit_1,2073,11.95064,14.3504,short_circuit,1,short_circuit,1,100,experiment_2
short_circuit_1,2074,11.95544,14.3552,short_circuit,1,short_circuit,1,100,experiment_2
short_circuit_1,2075,11.96024,14.36,short_circuit,1,short_circuit,1,100,experiment_2
short_circuit_1,2076,11.96504,14.3648,short_circuit,1,short_circuit,1,100,experiment_2
short_circuit_1,2077,11.96984,14.3696,short_circuit,1,short_circuit,1,100,experiment_2
short_circuit_1,2078,11.97464,14.3744,short_circuit,1,short_circuit,1,100,experiment_2
short_circuit_1,2079,11.97944,14.3792,short_circuit,1,short_circuit,1,100,experiment_2
short_circuit_1,2080,11.98424,14.384,short_circuit,1,short_circuit,1,100,experiment_2
short_circuit_1,2081,11.98904,14.3888,short_circuit,1,short_circuit,1,100,experiment_2
short_circuit_1,2082,11.99384,14.3936,short_circuit,1,short_circuit,1,100,experiment_2
short_circuit_1,2083,11.99864,14.3984,short_circuit,1,short_circuit,1,100,experiment_2
short_circuit_1,2084,12.00344,14.4032,short_circuit,1,short_circuit,1,100,experiment_2
short_circuit_1,2085,12.00824,14.408,short_circuit,1,short_circuit,1,100,experiment_2
short_circuit_1,2086,12.01304,14.4128,short_circuit,1,short_circuit,1,100,experiment_2
short_circuit_1,2087,12.01784,14.4176,short_circuit,1,short_circuit,1,100,experiment_2
short_circuit_1,2088,12.02264,14.4224,short_circuit,1,short_circuit,1,100,experiment_2
short_circuit_1,2089,12.02744,14.4272,short_circuit,1,short_circuit,1,100,experiment_2
short_circuit_1,2090,12.03224,14.432,short_circuit,1,short_circuit,1,100,experiment_2
short_circuit_1,2091,12.03704,14.4368,short_circuit,1,short_circuit,1,100,experiment_2
short_circuit_1,2092,12.04184,14.4416,short_circuit,1,short_circuit,1,100,experiment_2
short_circuit_1,2093,12.04664,14.4464,short_circuit,1,short_circuit,1,100,experiment_2
short_circuit_1,2094,12.05144,14.4512,short_circuit,1,short_circuit,1,100,experiment_2
short_circuit_1,2095,12.05624,14.456,short_circuit,1,short_circuit,1,100,experiment_2
short_circuit_1,2096,12.06104,14.4608,short_circuit,1,short_circuit,1,100,experiment_2
short_circuit_1,2097,12.06584,14.4656,short_circuit,1,short_circuit,1,100,experiment_2
short_circuit_1,2098,12.07064,14.4704,short_circuit,1,short_circuit,1,100,experiment_2
short_circuit_1,2099,12.07544,14.4752,short_circuit,1,short_circuit,1,100,experiment_2
short_circuit_1,2100,12.08024,14.48,short_circuit,1,short_circuit,1,100,experiment_2
short_circuit_1,2101,12.08504,14.4848,short_circuit,1,short_circuit,1,100,experiment_2
short_circuit_1,2102,12.08984,14.4896,short_circuit,1,short_circuit,1,100,experiment_2
short_circuit_1,2103,12.09464,14.4944,short_circuit,1,short_circuit,1,100,experiment_2
short_circuit_1,2104,12.09944,14.4992,short_circuit,1,short_circuit,1,100,experiment_2
short_circuit_1,2105,12.10424,14.504,short_circuit,1,short_circuit,1,100,experiment_2
short_circuit_1,2106,12.10904,14.5088,short_circuit,1,short_circuit,1,100,experiment_2
short_circuit_1,2107,12.11384,14.5136,short_circuit,1,short_circuit,1,100,experiment_2
short_circuit_1,2108,12.11864,14.5184,short_circuit,1,short_circuit,1,100,experiment_2
short_circuit_1,2109,12.12344,14.5232,short_circuit,1,short_circuit,1,100,experiment_2
short_circuit_1,2110,12.12824,14.528,short_circuit,1,short_circuit,1,100,experiment_2
short_circuit_1,2111,12.13304,14.5328,short_circuit,1,short_circuit,1,100,experiment_2
short_circuit_1,2112,12.13784,14.5376,short_circuit,1,short_circuit,1,100,experiment_2
short_circuit_1,2113,12.14264,14.5424,short_circuit,1,short_circuit,1,100,experiment_2
short_circuit_1,2114,12.14744,14.5472,short_circuit,1,short_circuit,1,100,experiment_2
short_circuit_1,2115,12.15224,14.552,short_circuit,1,short_circuit,1,100,experiment_2
short_circuit_1,2116,12.15704,14.5568,short_circuit,1,short_circuit,1,100,experiment_2
short_circuit_1,2117,12.16184,14.5616,short_circuit,1,short_circuit,1,100,experiment_2
short_circuit_1,2118,12.16664,14.5664,short_circuit,1,short_circuit,1,100,experiment_2
short_circuit_1,2119,12.17144,14.5712,short_circuit,1,short_circuit,1,100,experiment_2
short_circuit_1,2120,12.17624,14.576,short_circuit,1,short_circuit,1,100,experiment_2
short_circuit_1,2121,12.18104,14.5808,short_circuit,1,short_circuit,1,100,experiment_2
short_circuit_1,2122,12.18584,14.5856,short_circuit,1,short_circuit,1,100,experiment_2
short_circuit_1,2123,12.19064,14.5904,short_circuit,1,short_circuit,1,100,experiment_2
short_circuit_1,2124,12.19544,14.5952,short_circuit,1,short_circuit,1,100,experiment_2
short_circuit_1,2125,12.20024,14.6,short_circuit,1,short_circuit,1,100,experiment_2
short_circuit_1,2126,12.20504,14.6048,short_circuit,1,short_circuit,1,100,experiment_2
short_circuit_1,2127,12.20984,14.6096,short_circuit,1,short_circuit,1,100,experiment_2
short_circuit_1,2128,12.21464,14.6144,short_circuit,1,short_circuit,1,100,experiment_2
short_circuit_1,2129,12.21944,14.6192,short_circuit,1,short_circuit,1,100,experiment_2
short_circuit_1,2130,12.22424,14.624,short_circuit,1,short_circuit,1,100,experiment_2
short_circuit_1,2131,12.22904,14.6288,short_circuit,1,short_circuit,1,100,experiment_2
short_circuit_1,2132,12.23384,14.6336,short_circuit,1,short_circuit,1,100,experiment_2
short_circuit_1,2133,12.23864,14.6384,short_circuit,1,short_circuit,1,100,experiment_2
short_circuit_1,2134,12.24344,14.6432,short_circuit,1,short_circuit,1,100,experiment_2
short_circuit_1,2135,12.24824,14.648,short_circuit,1,short_circuit,1,100,experiment_2
short_circuit_1,2136,12.25304,14.6528,short_circuit,1,short_circuit,1,100,experiment_2
short_circuit_1,2137,12.25784,14.6576,short_circuit,1,short_circuit,1,100,experiment_2
short_circuit_1,2138,12.26264,14.6624,short_circuit,1,short_circuit,1,100,experiment_2
short_circuit_1,2139,12.26744,14.6672,short_circuit,1,short_circuit,1,100,experiment_2
short_circuit_1,2140,12.27224,14.672,short_circuit,1,short_circuit,1,100,experiment_2
short_circuit_1,2141,12.27704,14.6768,short_circuit,1,short_circuit,1,100,experiment_2
short_circuit_1,2142,12.28184,14.6816,short_circuit,1,short_circuit,1,100,experiment_2
short_circuit_1,2143,12.28664,14.6864,short_circuit,1,short_circuit,1,100,experiment_2
short_circuit_1,2144,12.29144,14.6912,short_circuit,1,short_circuit,1,100,experiment_2
short_circuit_1,2145,12.29624,14.696,short_circuit,1,short_circuit,1,100,experiment_2
short_circuit_1,2146,12.30104,14.7008,short_circuit,1,short_circuit,1,100,experiment_2
short_circuit_1,2147,12.30584,14.7056,short_circuit,1,short_circuit,1,100,experiment_2
short_circuit_1,2148,12.31064,14.7104,short_circuit,1,short_circuit,1,100,experiment_2
short_circuit_1,2149,12.31544,14.7152,short_circuit,1,short_circuit,1,100,experiment_2
short_circuit_1,2150,12.32024,14.72,short_circuit,1,short_circuit,1,100,experiment_2
short_circuit_1,2151,12.32504,14.7248,short_circuit,1,short_circuit,1,100,experiment_2
short_circuit_1,2152,12.32984,14.7296,short_circuit,1,short_circuit,1,100,experiment_2
short_circuit_1,2153,12.33464,14.7344,short_circuit,1,short_circuit,1,100,experiment_2
short_circuit_1,2154,12.33944,14.7392,short_circuit,1,short_circuit,1,100,experiment_2
short_circuit_1,2155,12.34424,14.744,short_circuit,1,short_circuit,1,100,experiment_2
short_circuit_1,2156,12.34904,14.7488,short_circuit,1,short_circuit,1,100,experiment_2
short_circuit_1,2157,12.35384,14.7536,short_circuit,1,short_circuit,1,100,experiment_2
short_circuit_1,2158,12.35864,14.7584,short_circuit,1,short_circuit,1,100,experiment_2
short_circuit_1,2159,12.36344,14.7632,short_circuit,1,short_circuit,1,100,experiment_2
short_circuit_1,2160,12.36824,14.768,short_circuit,1,short_circuit,1,100,experiment_2
short_circuit_1,2161,12.37304,14.7728,short_circuit,1,short_circuit,1,100,experiment_2
short_circuit_1,2162,12.37784,14.7776,short_circuit,1,short_circuit,1,100,experiment_2
short_circuit_1,2163,12.38264,14.7824,short_circuit,1,short_circuit,1,100,experiment_2
short_circuit_1,2164,12.38744,14.7872,short_circuit,1,short_circuit,1,100,experiment_2
short_circuit_1,2165,12.39224,14.792,short_circuit,1,short_circuit,1,100,experiment_2
short_circuit_1,2166,12.39704,14.7968,short_circuit,1,short_circuit,1,100,experiment_2
short_circuit_1,2167,12.40184,14.8016,short_circuit,1,short_circuit,1,100,experiment_2
short_circuit_1,2168,12.40664,14.8064,short_circuit,1,short_circuit,1,100,experiment_2
short_circuit_1,2169,12.41144,14.8112,short_circuit,1,short_circuit,1,100,experiment_2
short_circuit_1,2170,12.41624,14.816,short_circuit,1,short_circuit,1,100,experiment_2
short_circuit_1,2171,12.42104,14.8208,short_circuit,1,short_circuit,1,100,experiment_2
short_circuit_1,2172,12.42584,14.8256,short_circuit,1,short_circuit,1,100,experiment_2
short_circuit_1,2173,12.43064,14.8304,short_circuit,1,short_circuit,1,100,experiment_2
short_circuit_1,2174,12.43544,14.8352,short_circuit,1,short_circuit,1,100,experiment_2
short_circuit_1,2175,12.44024,14.84,short_circuit,1,short_circuit,1,100,experiment_2
short_circuit_1,2176,12.44504,14.8448,short_circuit,1,short_circuit,1,100,experiment_2
short_circuit_1,2177,12.44984,14.8496,short_circuit,1,short_circuit,1,100,experiment_2
short_circuit_1,2178,12.45464,14.8544,short_circuit,1,short_circuit,1,100,experiment_2
short_circuit_1,2179,12.45944,14.8592,short_circuit,1,short_circuit,1,100,experiment_2
short_circuit_1,2180,12.46424,14.864,short_circuit,1,short_circuit,1,100,experiment_2
short_circuit_1,2181,12.46904,14.8688,short_circuit,1,short_circuit,1,100,experiment_2
short_circuit_1,2182,12.47384,14.8736,short_circuit,1,short_circuit,1,100,experiment_2
short_circuit_1,2183,12.47864,14.8784,short_circuit,1,short_circuit,1,100,experiment_2
short_circuit_1,2184,12.48344,14.8832,short_circuit,1,short_circuit,1,100,experiment_2
short_circuit_1,2185,12.48824,14.888,short_circuit,1,short_circuit,1,100,experiment_2
short_circuit_1,2186,12.49304,14.8928,short_circuit,1,short_circuit,1,100,experiment_2
short_circuit_1,2187,12.49784,14.8976,short_circuit,1,short_circuit,1,100,experiment_2
short_circuit_1,2188,12.50264,14.9024,short_circuit,1,short_circuit,1,100,experiment_2
short_circuit_1,2189,12.50744,14.9072,short_circuit,1,short_circuit,1,100,experiment_2
short_circuit_1,2190,12.51224,14.912,short_circuit,1,short_circuit,1,100,experiment_2
short_circuit_1,2191,12.51704,14.9168,short_circuit,1,short_circuit,1,100,experiment_2
short_circuit_1,2192,12.52184,14.9216,short_circuit,1,short_circuit,1,100,experiment_2
short_circuit_1,2193,12.52664,14.9264,short_circuit,1,short_circuit,1,100,experiment_2
short_circuit_1,2194,12.53144,14.9312,short_circuit,1,short_circuit,1,100,experiment_2
short_circuit_1,2195,12.53624,14.936,short_circuit,1,short_circuit,1,100,experiment_2
short_circuit_1,2196,12.54104,14.9408,short_circuit,1,short_circuit,1,100,experiment_2
short_circuit_1,2197,12.54584,14.9456,short_circuit,1,short_circuit,1,100,experiment_2
short_circuit_1,2198,12.55064,14.9504,short_circuit,1,short_circuit,1,100,experiment_2
short_circuit_1,2199,12.55544,14.9552,short_circuit,1,short_circuit,1,100,experiment_2
short_circuit_1,2200,12.56024,14.96,short_circuit,1,short_circuit,1,100,experiment_2
short_circuit_1,2201,12.56504,14.9648,short_circuit,1,short_circuit,1,100,experiment_2
short_circuit_1,2202,12.56984,14.9696,short_circuit,1,short_circuit,1,100,experiment_2
short_circuit_1,2203,12.57464,14.9744,short_circuit,1,short_circuit,1,100,experiment_2
short_circuit_1,2204,12.57944,14.9792,short_circuit,1,short_circuit,1,100,experiment_2
short_circuit_1,2205,12.58424,14.984,short_circuit,1,short_circuit,1,100,experiment_2
short_circuit_1,2206,12.58904,14.9888,short_circuit,1,short_circuit,1,100,experiment_2
short_circuit_1,2207,12.59384,14.9936,short_circuit,1,short_circuit,1,100,experiment_2
short_circuit_1,2208,12.59864,14.9984,short_circuit,1,short_circuit,1,100,experiment_2
short_circuit_1,2209,12.60344,15.0032,short_circuit,1,short_circuit,1,100,experiment_2
short_circuit_1,2210,12.60824,15.008,short_circuit,1,short_circuit,1,100,experiment_2
short_circuit_1,2211,12.61304,15.0128,short_circuit,1,short_circuit,1,100,experiment_2
short_circuit_1,2212,12.61784,15.0176,short_circuit,1,short_circuit,1,100,experiment_2
short_circuit_1,2213,12.62264,15.0224,short_circuit,1,short_circuit,1,100,experiment_2
short_circuit_1,2214,12.62744,15.0272,short_circuit,1,short_circuit,1,100,experiment_2
short_circuit_1,2215,12.63224,15.032,short_circuit,1,short_circuit,1,100,experiment_2
short_circuit_1,2216,12.63704,15.0368,short_circuit,1,short_circuit,1,100,experiment_2
short_circuit_1,2217,12.64184,15.0416,short_circuit,1,short_circuit,1,100,experiment_2
short_circuit_1,2218,12.64664,15.0464,short_circuit,1,short_circuit,1,100,experiment_2
short_circuit_1,2219,12.65144,15.0512,short_circuit,1,short_circuit,1,100,experiment_2
short_circuit_1,2220,12.65624,15.056,short_circuit,1,short_circuit,1,100,experiment_2
short_circuit_1,2221,12.66104,15.0608,short_circuit,1,short_circuit,1,100,experiment_2
short_circuit_1,2222,12.66584,15.0656,short_circuit,1,short_circuit,1,100,experiment_2
short_circuit_1,2223,12.67064,15.0704,short_circuit,1,short_circuit,1,100,experiment_2
short_circuit_1,2224,12.67544,15.0752,short_circuit,1,short_circuit,1,100,experiment_2
short_circuit_1,2225,12.68024,15.08,short_circuit,1,short_circuit,1,100,experiment_2
short_circuit_1,2226,12.68504,15.0848,short_circuit,1,short_circuit,1,100,experiment_2
short_circuit_1,2227,12.68984,15.0896,short_circuit,1,short_circuit,1,100,experiment_2
short_circuit_1,2228,12.69464,15.0944,short_circuit,1,short_circuit,1,100,experiment_2
short_circuit_1,2229,12.69944,15.0992,short_circuit,1,short_circuit,1,100,experiment_2
short_circuit_1,2230,12.70424,15.104,short_circuit,1,short_circuit,1,100,experiment_2
short_circuit_1,2231,12.70904,15.1088,short_circuit,1,short_circuit,1,100,experiment_2
short_circuit_1,2232,12.71384,15.1136,short_circuit,1,short_circuit,1,100,experiment_2
short_circuit_1,2233,12.71864,15.1184,short_circuit,1,short_circuit,1,100,experiment_2
short_circuit_1,2234,12.72344,15.1232,short_circuit,1,short_circuit,1,100,experiment_2
short_circuit_1,2235,12.72824,15.128,short_circuit,1,short_circuit,1,100,experiment_2
short_circuit_1,2236,12.73304,15.1328,short_circuit,1,short_circuit,1,100,experiment_2
short_circuit_1,2237,12.73784,15.1376,short_circuit,1,short_circuit,1,100,experiment_2
short_circuit_1,2238,12.74264,15.1424,short_circuit,1,short_circuit,1,100,experiment_2
short_circuit_1,2239,12.74744,15.1472,short_circuit,1,short_circuit,1,100,experiment_2
short_circuit_1,2240,12.75224,15.152,short_circuit,1,short_circuit,1,100,experiment_2
short_circuit_1,2241,12.75704,15.1568,short_circuit,1,short_circuit,1,100,experiment_2
short_circuit_1,2242,12.76184,15.1616,short_circuit,1,short_circuit,1,100,experiment_2
short_circuit_1,2243,12.76664,15.1664,short_circuit,1,short_circuit,1,100,experiment_2
short_circuit_1,2244,12.77144,15.1712,short_circuit,1,short_circuit,1,100,experiment_2
short_circuit_1,2245,12.77624,15.176,short_circuit,1,short_circuit,1,100,experiment_2
short_circuit_1,2246,12.78104,15.1808,short_circuit,1,short_circuit,1,100,experiment_2
short_circuit_1,2247,12.78584,15.1856,short_circuit,1,short_circuit,1,100,experiment_2
short_circuit_1,2248,12.79064,15.1904,short_circuit,1,short_circuit,1,100,experiment_2
short_circuit_1,2249,12.79544,15.1952,short_circuit,1,short_circuit,1,100,experiment_2
short_circuit_1,2250,12.80024,15.2,short_circuit,1,short_circuit,1,100,experiment_2
short_circuit_1,2251,12.80504,15.2048,short_circuit,1,short_circuit,1,100,experiment_2
short_circuit_1,2252,12.80984,15.2096,short_circuit,1,short_circuit,1,100,experiment_2
short_circuit_1,2253,12.81464,15.2144,short_circuit,1,short_circuit,1,100,experiment_2
short_circuit_1,2254,12.81944,15.2192,short_circuit,1,short_circuit,1,100,experiment_2
short_circuit_1,2255,12.82424,15.224,short_circuit,1,short_circuit,1,100,experiment_2
short_circuit_1,2256,12.82904,15.2288,short_circuit,1,short_circuit,1,100,experiment_2
short_circuit_1,2257,12.83384,15.2336,short_circuit,1,short_circuit,1,100,experiment_2
short_circuit_1,2258,12.83864,15.2384,short_circuit,1,short_circuit,1,100,experiment_2
short_circuit_1,2259,12.84344,15.2432,short_circuit,1,short_circuit,1,100,experiment_2
short_circuit_1,2260,12.84824,15.248,short_circuit,1,short_circuit,1,100,experiment_2
short_circuit_1,2261,12.85304,15.2528,short_circuit,1,short_circuit,1,100,experiment_2
short_circuit_1,2262,12.85784,15.2576,short_circuit,1,short_circuit,1,100,experiment_2
short_circuit_1,2263,12.86264,15.2624,short_circuit,1,short_circuit,1,100,experiment_2
short_circuit_1,2264,12.86744,15.2672,short_circuit,1,short_circuit,1,100,experiment_2
short_circuit_1,2265,12.87224,15.272,short_circuit,1,short_circuit,1,100,experiment_2
short_circuit_1,2266,12.87704,15.2768,short_circuit,1,short_circuit,1,100,experiment_2
short_circuit_1,2267,12.88184,15.2816,short_circuit,1,short_circuit,1,100,experiment_2
short_circuit_1,2268,12.88664,15.2864,short_circuit,1,short_circuit,1,100,experiment_2
short_circuit_1,2269,12.89144,15.2912,short_circuit,1,short_circuit,1,100,experiment_2
short_circuit_1,2270,12.89624,15.296,short_circuit,1,short_circuit,1,100,experiment_2
short_circuit_1,2271,12.90104,15.3008,short_circuit,1,short_circuit,1,100,experiment_2
short_circuit_1,2272,12.90584,15.3056,short_circuit,1,short_circuit,1,100,experiment_2
short_circuit_1,2273,12.91064,15.3104,short_circuit,1,short_circuit,1,100,experiment_2
short_circuit_1,2274,12.91544,15.3152,short_circuit,1,short_circuit,1,100,experiment_2
short_circuit_1,2275,12.92024,15.32,short_circuit,1,short_circuit,1,100,experiment_2
short_circuit_1,2276,12.92504,15.3248,short_circuit,1,short_circuit,1,100,experiment_2
short_circuit_1,2277,12.92984,15.3296,short_circuit,1,short_circuit,1,100,experiment_2
short_circuit_1,2278,12.93464,15.3344,short_circuit,1,short_circuit,1,100,experiment_2
short_circuit_1,2279,12.93944,15.3392,short_circuit,1,short_circuit,1,100,experiment_2
short_circuit_1,2280,12.94424,15.344,short_circuit,1,short_circuit,1,100,experiment_2
short_circuit_1,2281,12.94904,15.3488,short_circuit,1,short_circuit,1,100,experiment_2
short_circuit_1,2282,12.95384,15.3536,short_circuit,1,short_circuit,1,100,experiment_2
short_circuit_1,2283,12.95864,15.3584,short_circuit,1,short_circuit,1,100,experiment_2
short_circuit_1,2284,12.96344,15.3632,short_circuit,1,short_circuit,1,100,experiment_2
short_circuit_1,2285,12.96824,15.368,short_circuit,1,short_circuit,1,100,experiment_2
short_circuit_1,2286,12.97304,15.3728,short_circuit,1,short_circuit,1,100,experiment_2
short_circuit_1,2287,12.97784,15.3776,short_circuit,1,short_circuit,1,100,experiment_2
short_circuit_1,2288,12.98264,15.3824,short_circuit,1,short_circuit,1,100,experiment_2
short_circuit_1,2289,12.98744,15.3872,short_circuit,1,short_circuit,1,100,experiment_2
short_circuit_1,2290,12.99224,15.392,short_circuit,1,short_circuit,1,100,experiment_2
short_circuit_1,2291,12.99704,15.3968,short_circuit,1,short_circuit,1,100,experiment_2
short_circuit_1,2292,13.00184,15.4016,short_circuit,1,short_circuit,1,100,experiment_2
short_circuit_1,2293,13.00664,15.4064,short_circuit,1,short_circuit,1,100,experiment_2
short_circuit_1,2294,13.01144,15.4112,short_circuit,1,short_circuit,1,100,experiment_2
short_circuit_1,2295,13.01624,15.416,short_circuit,1,short_circuit,1,100,experiment_2
short_circuit_1,2296,13.02104,15.4208,short_circuit,1,short_circuit,1,100,experiment_2
short_circuit_1,2297,13.02584,15.4256,short_circuit,1,short_circuit,1,100,experiment_2
short_circuit_1,2298,13.03064,15.4304,short_circuit,1,short_circuit,1,100,experiment_2
short_circuit_1,2299,13.03544,15.4352,short_circuit,1,short_circuit,1,100,experiment_2
short_circuit_1,2300,13.04024,15.44,short_circuit,1,short_circuit,1,100,experiment_2
short_circuit_1,2301,13.04504,15.4448,short_circuit,1,short_circuit,1,100,experiment_2
short_circuit_1,2302,13.04984,15.4496,short_circuit,1,short_circuit,1,100,experiment_2
short_circuit_1,2303,13.05464,15.4544,short_circuit,1,short_circuit,1,100,experiment_2
short_circuit_1,2304,13.05944,15.4592,short_circuit,1,short_circuit,1,100,experiment_2
short_circuit_1,2305,13.06424,15.464,short_circuit,1,short_circuit,1,100,experiment_2
short_circuit_1,2306,13.06904,15.4688,short_circuit,1,short_circuit,1,100,experiment_2
short_circuit_1,2307,13.07384,15.4736,short_circuit,1,short_circuit,1,100,experiment_2
short_circuit_1,2308,13.07864,15.4784,short_circuit,1,short_circuit,1,100,experiment_2
short_circuit_1,2309,13.08344,15.4832,short_circuit,1,short_circuit,1,100,experiment_2
short_circuit_1,2310,13.08824,15.488,short_circuit,1,short_circuit,1,100,experiment_2
short_circuit_1,2311,13.09304,15.4928,short_circuit,1,short_circuit,1,100,experiment_2
short_circuit_1,2312,13.09784,15.4976,short_circuit,1,short_circuit,1,100,experiment_2
short_circuit_1,2313,13.10264,15.5024,short_circuit,1,short_circuit,1,100,experiment_2
short_circuit_1,2314,13.10744,15.5072,short_circuit,1,short_circuit,1,100,experiment_2
short_circuit_1,2315,13.11224,15.512,short_circuit,1,short_circuit,1,100,experiment_2
short_circuit_1,2316,13.11704,15.5168,short_circuit,1,short_circuit,1,100,experiment_2
short_circuit_1,2317,13.12184,15.5216,short_circuit,1,short_circuit,1,100,experiment_2
short_circuit_1,2318,13.12664,15.5264,short_circuit,1,short_circuit,1,100,experiment_2
short_circuit_1,2319,13.13144,15.5312,short_circuit,1,short_circuit,1,100,experiment_2
short_circuit_1,2320,13.13624,15.536,short_circuit,1,short_circuit,1,100,experiment_2
short_circuit_1,2321,13.14104,15.5408,short_circuit,1,short_circuit,1,100,experiment_2
short_circuit_1,2322,13.14584,15.5456,short_circuit,1,short_circuit,1,100,experiment_2
short_circuit_1,2323,13.15064,15.5504,short_circuit,1,short_circuit,1,100,experiment_2
short_circuit_1,2324,13.15544,15.5552,short_circuit,1,short_circuit,1,100,experiment_2
short_circuit_1,2325,13.16024,15.56,short_circuit,1,short_circuit,1,100,experiment_2
short_circuit_1,2326,13.16504,15.5648,short_circuit,1,short_circuit,1,100,experiment_2
short_circuit_1,2327,13.16984,15.5696,short_circuit,1,short_circuit,1,100,experiment_2
short_circuit_1,2328,13.17464,15.5744,short_circuit,1,short_circuit,1,100,experiment_2
short_circuit_1,2329,13.17944,15.5792,short_circuit,1,short_circuit,1,100,experiment_2
short_circuit_1,2330,13.18424,15.584,short_circuit,1,short_circuit,1,100,experiment_2
short_circuit_1,2331,13.18904,15.5888,short_circuit,1,short_circuit,1,100,experiment_2
short_circuit_1,2332,13.19384,15.5936,short_circuit,1,short_circuit,1,100,experiment_2
short_circuit_1,2333,13.19864,15.5984,short_circuit,1,short_circuit,1,100,experiment_2
short_circuit_1,2334,13.20344,15.6032,short_circuit,1,short_circuit,1,100,experiment_2
short_circuit_1,2335,13.20824,15.608,short_circuit,1,short_circuit,1,100,experiment_2
short_circuit_1,2336,13.21304,15.6128,short_circuit,1,short_circuit,1,100,experiment_2
short_circuit_1,2337,13.21784,15.6176,short_circuit,1,short_circuit,1,100,experiment_2
short_circuit_1,2338,13.22264,15.6224,short_circuit,1,short_circuit,1,100,experiment_2
short_circuit_1,2339,13.22744,15.6272,short_circuit,1,short_circuit,1,100,experiment_2
short_circuit_1,2340,13.23224,15.632,short_circuit,1,short_circuit,1,100,experiment_2
short_circuit_1,2341,13.23704,15.6368,short_circuit,1,short_circuit,1,100,experiment_2
short_circuit_1,2342,13.24184,15.6416,short_circuit,1,short_circuit,1,100,experiment_2
short_circuit_1,2343,13.24664,15.6464,short_circuit,1,short_circuit,1,100,experiment_2
short_circuit_1,2344,13.25144,15.6512,short_circuit,1,short_circuit,1,100,experiment_2
short_circuit_1,2345,13.25624,15.656,short_circuit,1,short_circuit,1,100,experiment_2
short_circuit_1,2346,13.26104,15.6608,short_circuit,1,short_circuit,1,100,experiment_2
short_circuit_1,2347,13.26584,15.6656,short_circuit,1,short_circuit,1,100,experiment_2
short_circuit_1,2348,13.27064,15.6704,short_circuit,1,short_circuit,1,100,experiment_2
short_circuit_1,2349,13.27544,15.6752,short_circuit,1,short_circuit,1,100,experiment_2
short_circuit_1,2350,13.28024,15.68,short_circuit,1,short_circuit,1,100,experiment_2
short_circuit_1,2351,13.28504,15.6848,short_circuit,1,short_circuit,1,100,experiment_2
short_circuit_1,2352,13.28984,15.6896,short_circuit,1,short_circuit,1,100,experiment_2
short_circuit_1,2353,13.29464,15.6944,short_circuit,1,short_circuit,1,100,experiment_2
short_circuit_1,2354,13.29944,15.6992,short_circuit,1,short_circuit,1,100,experiment_2
short_circuit_1,2355,13.30424,15.704,short_circuit,1,short_circuit,1,100,experiment_2
short_circuit_1,2356,13.30904,15.7088,short_circuit,1,short_circuit,1,100,experiment_2
short_circuit_1,2357,13.31384,15.7136,short_circuit,1,short_circuit,1,100,experiment_2
short_circuit_1,2358,13.31864,15.7184,short_circuit,1,short_circuit,1,100,experiment_2
short_circuit_1,2359,13.32344,15.7232,short_circuit,1,short_circuit,1,100,experiment_2
short_circuit_1,2360,13.32824,15.728,short_circuit,1,short_circuit,1,100,experiment_2
short_circuit_1,2361,13.33304,15.7328,short_circuit,1,short_circuit,1,100,experiment_2
short_circuit_1,2362,13.33784,15.7376,short_circuit,1,short_circuit,1,100,experiment_2
short_circuit_1,2363,13.34264,15.7424,short_circuit,1,short_circuit,1,100,experiment_2
short_circuit_1,2364,13.34744,15.7472,short_circuit,1,short_circuit,1,100,experiment_2
short_circuit_1,2365,13.35224,15.752,short_circuit,1,short_circuit,1,100,experiment_2
short_circuit_1,2366,13.35704,15.7568,short_circuit,1,short_circuit,1,100,experiment_2
short_circuit_1,2367,13.36184,15.7616,short_circuit,1,short_circuit,1,100,experiment_2
short_circuit_1,2368,13.36664,15.7664,short_circuit,1,short_circuit,1,100,experiment_2
short_circuit_1,2369,13.37144,15.7712,short_circuit,1,short_circuit,1,100,experiment_2
short_circuit_1,2370,13.37624,15.776,short_circuit,1,short_circuit,1,100,experiment_2
short_circuit_1,2371,13.38104,15.7808,short_circuit,1,short_circuit,1,100,experiment_2
short_circuit_1,2372,13.38584,15.7856,short_circuit,1,short_circuit,1,100,experiment_2
short_circuit_1,2373,13.39064,15.7904,short_circuit,1,short_circuit,1,100,experiment_2
short_circuit_1,2374,13.39544,15.7952,short_circuit,1,short_circuit,1,100,experiment_2
short_circuit_1,2375,13.40024,15.8,short_circuit,1,short_circuit,1,100,experiment_2
short_circuit_1,2376,13.40504,15.8048,short_circuit,1,short_circuit,1,100,experiment_2
short_circuit_1,2377,13.40984,15.8096,short_circuit,1,short_circuit,1,100,experiment_2
short_circuit_1,2378,13.41464,15.8144,short_circuit,1,short_circuit,1,100,experiment_2
short_circuit_1,2379,13.41944,15.8192,short_circuit,1,short_circuit,1,100,experiment_2
short_circuit_1,2380,13.42424,15.824,short_circuit,1,short_circuit,1,100,experiment_2
short_circuit_1,2381,13.42904,15.8288,short_circuit,1,short_circuit,1,100,experiment_2
short_circuit_1,2382,13.43384,15.8336,short_circuit,1,short_circuit,1,100,experiment_2
short_circuit_1,2383,13.43864,15.8384,short_circuit,1,short_circuit,1,100,experiment_2
short_circuit_1,2384,13.44344,15.8432,short_circuit,1,short_circuit,1,100,experiment_2
short_circuit_1,2385,13.44824,15.848,short_circuit,1,short_circuit,1,100,experiment_2
short_circuit_1,2386,13.45304,15.8528,short_circuit,1,short_circuit,1,100,experiment_2
short_circuit_1,2387,13.45784,15.8576,short_circuit,1,short_circuit,1,100,experiment_2
short_circuit_1,2388,13.46264,15.8624,short_circuit,1,short_circuit,1,100,experiment_2
short_circuit_1,2389,13.46744,15.8672,short_circuit,1,short_circuit,1,100,experiment_2
short_circuit_1,2390,13.47224,15.872,short_circuit,1,short_circuit,1,100,experiment_2
short_circuit_1,2391,13.47704,15.8768,short_circuit,1,short_circuit,1,100,experiment_2
short_circuit_1,2392,13.48184,15.8816,short_circuit,1,short_circuit,1,100,experiment_2
short_circuit_1,2393,13.48664,15.8864,short_circuit,1,short_circuit,1,100,experiment_2
short_circuit_1,2394,13.49144,15.8912,short_circuit,1,short_circuit,1,100,experiment_2
short_circuit_1,2395,13.49624,15.896,short_circuit,1,short_circuit,1,100,experiment_2
short_circuit_1,2396,13.50104,15.9008,short_circuit,1,short_circuit,1,100,experiment_2
short_circuit_1,2397,13.50584,15.9056,short_circuit,1,short_circuit,1,100,experiment_2
short_circuit_1,2398,13.51064,15.9104,short_circuit,1,short_circuit,1,100,experiment_2
short_circuit_1,2399,13.51544,15.9152,short_circuit,1,short_circuit,1,100,experiment_2
short_circuit_1,2400,13.52024,15.92,short_circuit,1,short_circuit,1,100,experiment_2
short_circuit_1,2401,13.52504,15.9248,short_circuit,1,short_circuit,1,100,experiment_2
short_circuit_1,2402,13.52984,15.9296,short_circuit,1,short_circuit,1,100,experiment_2
short_circuit_1,2403,13.53464,15.9344,short_circuit,1,short_circuit,1,100,experiment_2
short_circuit_1,2404,13.53944,15.9392,short_circuit,1,short_circuit,1,100,experiment_2
short_circuit_1,2405,13.54424,15.944,short_circuit,1,short_circuit,1,100,experiment_2
short_circuit_1,2406,13.54904,15.9488,short_circuit,1,short_circuit,1,100,experiment_2
short_circuit_1,2407,13.55384,15.9536,short_circuit,1,short_circuit,1,100,experiment_2
short_circuit_1,2408,13.55864,15.9584,short_circuit,1,short_circuit,1,100,experiment_2
short_circuit_1,2409,13.56344,15.9632,short_circuit,1,short_circuit,1,100,experiment_2
short_circuit_1,2410,13.56824,15.968,short_circuit,1,short_circuit,1,100,experiment_2
short_circuit_1,2411,13.57304,15.9728,short_circuit,1,short_circuit,1,100,experiment_2
short_circuit_1,2412,13.57784,15.9776,short_circuit,1,short_circuit,1,100,experiment_2
short_circuit_1,2413,13.58264,15.9824,short_circuit,1,short_circuit,1,100,experiment_2
short_circuit_1,2414,13.58744,15.9872,short_circuit,1,short_circuit,1,100,experiment_2
short_circuit_1,2415,13.59224,15.992,short_circuit,1,short_circuit,1,100,experiment_2
short_circuit_1,2416,13.59704,15.9968,short_circuit,1,short_circuit,1,100,experiment_2
short_circuit_1,2417,13.60184,16.0016,short_circuit,1,short_circuit,1,100,experiment_2
short_circuit_1,2418,13.60664,16.0064,short_circuit,1,short_circuit,1,100,experiment_2
short_circuit_1,2419,13.61144,16.0112,short_circuit,1,short_circuit,1,100,experiment_2
short_circuit_1,2420,13.61624,16.016,short_circuit,1,short_circuit,1,100,experiment_2
short_circuit_1,2421,13.62104,16.0208,short_circuit,1,short_circuit,1,100,experiment_2
short_circuit_1,2422,13.62584,16.0256,short_circuit,1,short_circuit,1,100,experiment_2
short_circuit_1,2423,13.63064,16.0304,short_circuit,1,short_circuit,1,100,experiment_2
short_circuit_1,2424,13.63544,16.0352,short_circuit,1,short_circuit,1,100,experiment_2
short_circuit_1,2425,13.64024,16.04,short_circuit,1,short_circuit,1,100,experiment_2
short_circuit_1,2426,13.64504,16.0448,short_circuit,1,short_circuit,1,100,experiment_2
short_circuit_1,2427,13.64984,16.0496,short_circuit,1,short_circuit,1,100,experiment_2
short_circuit_1,2428,13.65464,16.0544,short_circuit,1,short_circuit,1,100,experiment_2
short_circuit_1,2429,13.65944,16.0592,short_circuit,1,short_circuit,1,100,experiment_2
short_circuit_1,2430,13.66424,16.064,short_circuit,1,short_circuit,1,100,experiment_2
short_circuit_1,2431,13.66904,16.0688,short_circuit,1,short_circuit,1,100,experiment_2
short_circuit_1,2432,13.67384,16.0736,short_circuit,1,short_circuit,1,100,experiment_2
short_circuit_1,2433,13.67864,16.0784,short_circuit,1,short_circuit,1,100,experiment_2
short_circuit_1,2434,13.68344,16.0832,short_circuit,1,short_circuit,1,100,experiment_2
short_circuit_1,2435,13.68824,16.088,short_circuit,1,short_circuit,1,100,experiment_2
short_circuit_1,2436,13.69304,16.0928,short_circuit,1,short_circuit,1,100,experiment_2
short_circuit_1,2437,13.69784,16.0976,short_circuit,1,short_circuit,1,100,experiment_2
short_circuit_1,2438,13.70264,16.1024,short_circuit,1,short_circuit,1,100,experiment_2
short_circuit_1,2439,13.70744,16.1072,short_circuit,1,short_circuit,1,100,experiment_2
short_circuit_1,2440,13.71224,16.112,short_circuit,1,short_circuit,1,100,experiment_2
short_circuit_1,2441,13.71704,16.1168,short_circuit,1,short_circuit,1,100,experiment_2
short_circuit_1,2442,13.72184,16.1216,short_circuit,1,short_circuit,1,100,experiment_2
short_circuit_1,2443,13.72664,16.1264,short_circuit,1,short_circuit,1,100,experiment_2
short_circuit_1,2444,13.73144,16.1312,short_circuit,1,short_circuit,1,100,experiment_2
short_circuit_1,2445,13.73624,16.136,short_circuit,1,short_circuit,1,100,experiment_2
short_circuit_1,2446,13.74104,16.1408,short_circuit,1,short_circuit,1,100,experiment_2
short_circuit_1,2447,13.74584,16.1456,short_circuit,1,short_circuit,1,100,experiment_2
short_circuit_1,2448,13.75064,16.1504,short_circuit,1,short_circuit,1,100,experiment_2
short_circuit_1,2449,13.75544,16.1552,short_circuit,1,short_circuit,1,100,experiment_2
short_circuit_1,2450,13.76024,16.16,short_circuit,1,short_circuit,1,100,experiment_2
short_circuit_1,2451,13.76504,16.1648,short_circuit,1,short_circuit,1,100,experiment_2
short_circuit_1,2452,13.76984,16.1696,short_circuit,1,short_circuit,1,100,experiment_2
short_circuit_1,2453,13.77464,16.1744,short_circuit,1,short_circuit,1,100,experiment_2
short_circuit_1,2454,13.77944,16.1792,short_circuit,1,short_circuit,1,100,experiment_2
short_circuit_1,2455,13.78424,16.184,short_circuit,1,short_circuit,1,100,experiment_2
short_circuit_1,2456,13.78904,16.1888,short_circuit,1,short_circuit,1,100,experiment_2
short_circuit_1,2457,13.79384,16.1936,short_circuit,1,short_circuit,1,100,experiment_2
short_circuit_1,2458,13.79864,16.1984,short_circuit,1,short_circuit,1,100,experiment_2
short_circuit_1,2459,13.80344,16.2032,short_circuit,1,short_circuit,1,100,experiment_2
short_circuit_1,2460,13.80824,16.208,short_circuit,1,short_circuit,1,100,experiment_2
short_circuit_1,2461,13.81304,16.2128,short_circuit,1,short_circuit,1,100,experiment_2
short_circuit_1,2462,13.81784,16.2176,short_circuit,1,short_circuit,1,100,experiment_2
short_circuit_1,2463,13.82264,16.2224,short_circuit,1,short_circuit,1,100,experiment_2
short_circuit_1,2464,13.82744,16.2272,short_circuit,1,short_circuit,1,100,experiment_2
short_circuit_1,2465,13.83224,16.232,short_circuit,1,short_circuit,1,100,experiment_2
short_circuit_1,2466,13.83704,16.2368,short_circuit,1,short_circuit,1,100,experiment_2
short_circuit_1,2467,13.84184,16.2416,short_circuit,1,short_circuit,1,100,experiment_2
short_circuit_1,2468,13.84664,16.2464,short_circuit,1,short_circuit,1,100,experiment_2
short_circuit_1,2469,13.85144,16.2512,short_circuit,1,short_circuit,1,100,experiment_2
short_circuit_1,2470,13.85624,16.256,short_circuit,1,short_circuit,1,100,experiment_2
short_circuit_1,2471,13.86104,16.2608,short_circuit,1,short_circuit,1,100,experiment_2
short_circuit_1,2472,13.86584,16.2656,short_circuit,1,short_circuit,1,100,experiment_2
short_circuit_1,2473,13.87064,16.2704,short_circuit,1,short_circuit,1,100,experiment_2
short_circuit_1,2474,13.87544,16.2752,short_circuit,1,short_circuit,1,100,experiment_2
short_circuit_1,2475,13.88024,16.28,short_circuit,1,short_circuit,1,100,experiment_2
short_circuit_1,2476,13.88504,16.2848,short_circuit,1,short_circuit,1,100,experiment_2
short_circuit_1,2477,13.88984,16.2896,short_circuit,1,short_circuit,1,100,experiment_2
short_circuit_1,2478,13.89464,16.2944,short_circuit,1,short_circuit,1,100,experiment_2
short_circuit_1,2479,13.89944,16.2992,short_circuit,1,short_circuit,1,100,experiment_2
short_circuit_1,2480,13.90424,16.304,short_circuit,1,short_circuit,1,100,experiment_2
short_circuit_1,2481,13.90904,16.3088,short_circuit,1,short_circuit,1,100,experiment_2
short_circuit_1,2482,13.91384,16.3136,short_circuit,1,short_circuit,1,100,experiment_2
short_circuit_1,2483,13.91864,16.3184,short_circuit,1,short_circuit,1,100,experiment_2
short_circuit_1,2484,13.92344,16.3232,short_circuit,1,short_circuit,1,100,experiment_2
short_circuit_1,2485,13.92824,16.328,short_circuit,1,short_circuit,1,100,experiment_2
short_circuit_1,2486,13.93304,16.3328,short_circuit,1,short_circuit,1,100,experiment_2
short_circuit_1,2487,13.93784,16.3376,short_circuit,1,short_circuit,1,100,experiment_2
short_circuit_1,2488,13.94264,16.3424,short_circuit,1,short_circuit,1,100,experiment_2
short_circuit_1,2489,13.94744,16.3472,short_circuit,1,short_circuit,1,100,experiment_2
short_circuit_1,2490,13.95224,16.352,short_circuit,1,short_circuit,1,100,experiment_2
short_circuit_1,2491,13.95704,16.3568,short_circuit,1,short_circuit,1,100,experiment_2
short_circuit_1,2492,13.96184,16.3616,short_circuit,1,short_circuit,1,100,experiment_2
short_circuit_1,2493,13.96664,16.3664,short_circuit,1,short_circuit,1,100,experiment_2
short_circuit_1,2494,13.97144,16.3712,short_circuit,1,short_circuit,1,100,experiment_2
short_circuit_1,2495,13.97624,16.376,short_circuit,1,short_circuit,1,100,experiment_2
short_circuit_1,2496,13.98104,16.3808,short_circuit,1,short_circuit,1,100,experiment_2
short_circuit_1,2497,13.98584,16.3856,short_circuit,1,short_circuit,1,100,experiment_2
short_circuit_1,2498,13.99064,16.3904,short_circuit,1,short_circuit,1,100,experiment_2
short_circuit_1,2499,13.99544,16.3952,short_circuit,1,short_circuit,1,100,experiment_2
short_circuit_1,2500,14.00024,16.4,short_circuit,1,short_circuit,1,100,experiment_2
short_circuit_1,2501,14.00504,16.4048,short_circuit,1,short_circuit,1,100,experiment_2
short_circuit_1,2502,14.00984,16.4096,short_circuit,1,short_circuit,1,100,experiment_2
short_circuit_1,2503,14.01464,16.4144,short_circuit,1,short_circuit,1,100,experiment_2
short_circuit_1,2504,14.01944,16.4192,short_circuit,1,short_circuit,1,100,experiment_2
short_circuit_1,2505,14.02424,16.424,short_circuit,1,short_circuit,1,100,experiment_2
short_circuit_1,2506,14.02904,16.4288,short_circuit,1,short_circuit,1,100,experiment_2
short_circuit_1,2507,14.03384,16.4336,short_circuit,1,short_circuit,1,100,experiment_2
short_circuit_1,2508,14.03864,16.4384,short_circuit,1,short_circuit,1,100,experiment_2
short_circuit_1,2509,14.04344,16.4432,short_circuit,1,short_circuit,1,100,experiment_2
short_circuit_1,2510,14.04824,16.448,short_circuit,1,short_circuit,1,100,experiment_2
short_circuit_1,2511,14.05304,16.4528,short_circuit,1,short_circuit,1,100,experiment_2
short_circuit_1,2512,14.05784,16.4576,short_circuit,1,short_circuit,1,100,experiment_2
short_circuit_1,2513,14.06264,16.4624,short_circuit,1,short_circuit,1,100,experiment_2
short_circuit_1,2514,14.06744,16.4672,short_circuit,1,short_circuit,1,100,experiment_2
short_circuit_1,2515,14.07224,16.472,short_circuit,1,short_circuit,1,100,experiment_2
short_circuit_1,2516,14.07704,16.4768,short_circuit,1,short_circuit,1,100,experiment_2
short_circuit_1,2517,14.08184,16.4816,short_circuit,1,short_circuit,1,100,experiment_2
short_circuit_1,2518,14.08664,16.4864,short_circuit,1,short_circuit,1,100,experiment_2
short_circuit_1,2519,14.09144,16.4912,short_circuit,1,short_circuit,1,100,experiment_2
short_circuit_1,2520,14.09624,16.496,short_circuit,1,short_circuit,1,100,experiment_2
short_circuit_1,2521,14.10104,16.5008,short_circuit,1,short_circuit,1,100,experiment_2
short_circuit_1,2522,14.10584,16.5056,short_circuit,1,short_circuit,1,100,experiment_2
short_circuit_1,2523,14.11064,16.5104,short_circuit,1,short_circuit,1,100,experiment_2
short_circuit_1,2524,14.11544,16.5152,short_circuit,1,short_circuit,1,100,experiment_2
short_circuit_1,2525,14.12024,16.52,short_circuit,1,short_circuit,1,100,experiment_2
short_circuit_1,2526,14.12504,16.5248,short_circuit,1,short_circuit,1,100,experiment_2
short_circuit_1,2527,14.12984,16.5296,short_circuit,1,short_circuit,1,100,experiment_2
short_circuit_1,2528,14.13464,16.5344,short_circuit,1,short_circuit,1,100,experiment_2
short_circuit_1,2529,14.13944,16.5392,short_circuit,1,short_circuit,1,100,experiment_2
short_circuit_1,2530,14.14424,16.544,short_circuit,1,short_circuit,1,100,experiment_2
short_circuit_1,2531,14.14904,16.5488,short_circuit,1,short_circuit,1,100,experiment_2
short_circuit_1,2532,14.15384,16.5536,short_circuit,1,short_circuit,1,100,experiment_2
short_circuit_1,2533,14.15864,16.5584,short_circuit,1,short_circuit,1,100,experiment_2
short_circuit_1,2534,14.16344,16.5632,short_circuit,1,short_circuit,1,100,experiment_2
short_circuit_1,2535,14.16824,16.568,short_circuit,1,short_circuit,1,100,experiment_2
short_circuit_1,2536,14.17304,16.5728,short_circuit,1,short_circuit,1,100,experiment_2
short_circuit_1,2537,14.17784,16.5776,short_circuit,1,short_circuit,1,100,experiment_2
short_circuit_1,2538,14.18264,16.5824,short_circuit,1,short_circuit,1,100,experiment_2
short_circuit_1,2539,14.18744,16.5872,short_circuit,1,short_circuit,1,100,experiment_2
short_circuit_1,2540,14.19224,16.592,short_circuit,1,short_circuit,1,100,experiment_2
short_circuit_1,2541,14.19704,16.5968,short_circuit,1,short_circuit,1,100,experiment_2
short_circuit_1,2542,14.20184,16.6016,short_circuit,1,short_circuit,1,100,experiment_2
short_circuit_1,2543,14.20664,16.6064,short_circuit,1,short_circuit,1,100,experiment_2
short_circuit_1,2544,14.21144,16.6112,short_circuit,1,short_circuit,1,100,experiment_2
short_circuit_1,2545,14.21624,16.616,short_circuit,1,short_circuit,1,100,experiment_2
short_circuit_1,2546,14.22104,16.6208,short_circuit,1,short_circuit,1,100,experiment_2
short_circuit_1,2547,14.22584,16.6256,short_circuit,1,short_circuit,1,100,experiment_2
short_circuit_1,2548,14.23064,16.6304,short_circuit,1,short_circuit,1,100,experiment_2
short_circuit_1,2549,14.23544,16.6352,short_circuit,1,short_circuit,1,100,experiment_2
short_circuit_1,2550,14.24024,16.64,short_circuit,1,short_circuit,1,100,experiment_2
short_circuit_1,2551,14.24504,16.6448,short_circuit,1,short_circuit,1,100,experiment_2
short_circuit_1,2552,14.24984,16.6496,short_circuit,1,short_circuit,1,100,experiment_2
short_circuit_1,2553,14.25464,16.6544,short_circuit,1,short_circuit,1,100,experiment_2
short_circuit_1,2554,14.25944,16.6592,short_circuit,1,short_circuit,1,100,experiment_2
short_circuit_1,2555,14.26424,16.664,short_circuit,1,short_circuit,1,100,experiment_2
short_circuit_1,2556,14.26904,16.6688,short_circuit,1,short_circuit,1,100,experiment_2
short_circuit_1,2557,14.27384,16.6736,short_circuit,1,short_circuit,1,100,experiment_2
short_circuit_1,2558,14.27864,16.6784,short_circuit,1,short_circuit,1,100,experiment_2
short_circuit_1,2559,14.28344,16.6832,short_circuit,1,short_circuit,1,100,experiment_2
short_circuit_1,2560,14.28824,16.688,short_circuit,1,short_circuit,1,100,experiment_2
short_circuit_1,2561,14.29304,16.6928,short_circuit,1,short_circuit,1,100,experiment_2
short_circuit_1,2562,14.29784,16.6976,short_circuit,1,short_circuit,1,100,experiment_2
short_circuit_1,2563,14.30264,16.7024,short_circuit,1,short_circuit,1,100,experiment_2
short_circuit_1,2564,14.30744,16.7072,short_circuit,1,short_circuit,1,100,experiment_2
short_circuit_1,2565,14.31224,16.712,short_circuit,1,short_circuit,1,100,experiment_2
short_circuit_1,2566,14.31704,16.7168,short_circuit,1,short_circuit,1,100,experiment_2
short_circuit_1,2567,14.32184,16.7216,short_circuit,1,short_circuit,1,100,experiment_2
short_circuit_1,2568,14.32664,16.7264,short_circuit,1,short_circuit,1,100,experiment_2
short_circuit_1,2569,14.33144,16.7312,short_circuit,1,short_circuit,1,100,experiment_2
short_circuit_1,2570,14.33624,16.736,short_circuit,1,short_circuit,1,100,experiment_2
short_circuit_1,2571,14.34104,16.7408,short_circuit,1,short_circuit,1,100,experiment_2
short_circuit_1,2572,14.34584,16.7456,short_circuit,1,short_circuit,1,100,experiment_2
short_circuit_1,2573,14.35064,16.7504,short_circuit,1,short_circuit,1,100,experiment_2
short_circuit_1,2574,14.35544,16.7552,short_circuit,1,short_circuit,1,100,experiment_2
short_circuit_1,2575,14.36024,16.76,short_circuit,1,short_circuit,1,100,experiment_2
short_circuit_1,2576,14.36504,16.7648,short_circuit,1,short_circuit,1,100,experiment_2
short_circuit_1,2577,14.36984,16.7696,short_circuit,1,short_circuit,1,100,experiment_2
short_circuit_1,2578,14.37464,16.7744,short_circuit,1,short_circuit,1,100,experiment_2
short_circuit_1,2579,14.37944,16.7792,short_circuit,1,short_circuit,1,100,experiment_2
short_circuit_1,2580,14.38424,16.784,short_circuit,1,short_circuit,1,100,experiment_2
short_circuit_1,2581,14.38904,16.7888,short_circuit,1,short_circuit,1,100,experiment_2
short_circuit_1,2582,14.39384,16.7936,short_circuit,1,short_circuit,1,100,experiment_2
short_circuit_1,2583,14.39864,16.7984,short_circuit,1,short_circuit,1,100,experiment_2
short_circuit_1,2584,14.40344,16.8032,short_circuit,1,short_circuit,1,100,experiment_2
short_circuit_1,2585,14.40824,16.808,short_circuit,1,short_circuit,1,100,experiment_2
short_circuit_1,2586,14.41304,16.8128,short_circuit,1,short_circuit,1,100,experiment_2
short_circuit_1,2587,14.41784,16.8176,short_circuit,1,short_circuit,1,100,experiment_2
short_circuit_1,2588,14.42264,16.8224,short_circuit,1,short_circuit,1,100,experiment_2
short_circuit_1,2589,14.42744,16.8272,short_circuit,1,short_circuit,1,100,experiment_2
short_circuit_1,2590,14.43224,16.832,short_circuit,1,short_circuit,1,100,experiment_2
short_circuit_1,2591,14.43704,16.8368,short_circuit,1,short_circuit,1,100,experiment_2
short_circuit_1,2592,14.44184,16.8416,short_circuit,1,short_circuit,1,100,experiment_2
short_circuit_1,2593,14.44664,16.8464,short_circuit,1,short_circuit,1,100,experiment_2
short_circuit_1,2594,14.45144,16.8512,short_circuit,1,short_circuit,1,100,experiment_2
short_circuit_1,2595,14.45624,16.856,short_circuit,1,short_circuit,1,100,experiment_2
short_circuit_1,2596,14.46104,16.8608,short_circuit,1,short_circuit,1,100,experiment_2
short_circuit_1,2597,14.46584,16.8656,short_circuit,1,short_circuit,1,100,experiment_2
short_circuit_1,2598,14.47064,16.8704,short_circuit,1,short_circuit,1,100,experiment_2
short_circuit_1,2599,14.47544,16.8752,short_circuit,1,short_circuit,1,100,experiment_2
short_circuit_1,2600,14.48024,16.88,short_circuit,1,short_circuit,1,100,experiment_2
short_circuit_1,2601,14.48504,16.8848,short_circuit,1,short_circuit,1,100,experiment_2
short_circuit_1,2602,14.48984,16.8896,short_circuit,1,short_circuit,1,100,experiment_2
short_circuit_1,2603,14.49464,16.8944,short_circuit,1,short_circuit,1,100,experiment_2
short_circuit_1,2604,14.49944,16.8992,short_circuit,1,short_circuit,1,100,experiment_2
short_circuit_1,2605,14.50424,16.904,short_circuit,1,short_circuit,1,100,experiment_2
short_circuit_1,2606,14.50904,16.9088,short_circuit,1,short_circuit,1,100,experiment_2
short_circuit_1,2607,14.51384,16.9136,short_circuit,1,short_circuit,1,100,experiment_2
short_circuit_1,2608,14.51864,16.9184,short_circuit,1,short_circuit,1,100,experiment_2
short_circuit_1,2609,14.52344,16.9232,short_circuit,1,short_circuit,1,100,experiment_2
short_circuit_1,2610,14.52824,16.928,short_circuit,1,short_circuit,1,100,experiment_2
short_circuit_1,2611,14.53304,16.9328,short_circuit,1,short_circuit,1,100,experiment_2
short_circuit_1,2612,14.53784,16.9376,short_circuit,1,short_circuit,1,100,experiment_2
short_circuit_1,2613,14.54264,16.9424,short_circuit,1,short_circuit,1,100,experiment_2
short_circuit_1,2614,14.54744,16.9472,short_circuit,1,short_circuit,1,100,experiment_2
short_circuit_1,2615,14.55224,16.952,short_circuit,1,short_circuit,1,100,experiment_2
short_circuit_1,2616,14.55704,16.9568,short_circuit,1,short_circuit,1,100,experiment_2
short_circuit_1,2617,14.56184,16.9616,short_circuit,1,short_circuit,1,100,experiment_2
short_circuit_1,2618,14.56664,16.9664,short_circuit,1,short_circuit,1,100,experiment_2
short_circuit_1,2619,14.57144,16.9712,short_circuit,1,short_circuit,1,100,experiment_2
short_circuit_1,2620,14.57624,16.976,short_circuit,1,short_circuit,1,100,experiment_2
short_circuit_1,2621,14.58104,16.9808,short_circuit,1,short_circuit,1,100,experiment_2
short_circuit_1,2622,14.58584,16.9856,short_circuit,1,short_circuit,1,100,experiment_2
short_circuit_1,2623,14.59064,16.9904,short_circuit,1,short_circuit,1,100,experiment_2
short_circuit_1,2624,14.59544,16.9952,short_circuit,1,short_circuit,1,100,experiment_2
short_circuit_1,2625,14.60024,17.0,short_circuit,1,short_circuit,1,100,experiment_2
short_circuit_1,2626,14.60504,17.0048,short_circuit,1,short_circuit,1,100,experiment_2
short_circuit_1,2627,14.60984,17.0096,short_circuit,1,short_circuit,1,100,experiment_2
short_circuit_1,2628,14.61464,17.0144,short_circuit,1,short_circuit,1,100,experiment_2
short_circuit_1,2629,14.61944,17.0192,short_circuit,1,short_circuit,1,100,experiment_2
short_circuit_1,2630,14.62424,17.024,short_circuit,1,short_circuit,1,100,experiment_2
short_circuit_1,2631,14.62904,17.0288,short_circuit,1,short_circuit,1,100,experiment_2
short_circuit_1,2632,14.63384,17.0336,short_circuit,1,short_circuit,1,100,experiment_2
short_circuit_1,2633,14.63864,17.0384,short_circuit,1,short_circuit,1,100,experiment_2
short_circuit_1,2634,14.64344,17.0432,short_circuit,1,short_circuit,1,100,experiment_2
short_circuit_1,2635,14.64824,17.048,short_circuit,1,short_circuit,1,100,experiment_2
short_circuit_1,2636,14.65304,17.0528,short_circuit,1,short_circuit,1,100,experiment_2
short_circuit_1,2637,14.65784,17.0576,short_circuit,1,short_circuit,1,100,experiment_2
short_circuit_1,2638,14.66264,17.0624,short_circuit,1,short_circuit,1,100,experiment_2
short_circuit_1,2639,14.66744,17.0672,short_circuit,1,short_circuit,1,100,experiment_2
short_circuit_1,2640,14.67224,17.072,short_circuit,1,short_circuit,1,100,experiment_2
short_circuit_1,2641,14.67704,17.0768,short_circuit,1,short_circuit,1,100,experiment_2
short_circuit_1,2642,14.68184,17.0816,short_circuit,1,short_circuit,1,100,experiment_2
short_circuit_1,2643,14.68664,17.0864,short_circuit,1,short_circuit,1,100,experiment_2
short_circuit_1,2644,14.69144,17.0912,short_circuit,1,short_circuit,1,100,experiment_2
short_circuit_1,2645,14.69624,17.096,short_circuit,1,short_circuit,1,100,experiment_2
short_circuit_1,2646,14.70104,17.1008,short_circuit,1,short_circuit,1,100,experiment_2
short_circuit_1,2647,14.70584,17.1056,short_circuit,1,short_circuit,1,100,experiment_2
short_circuit_1,2648,14.71064,17.1104,short_circuit,1,short_circuit,1,100,experiment_2
short_circuit_1,2649,14.71544,17.1152,short_circuit,1,short_circuit,1,100,experiment_2
short_circuit_1,2650,14.72024,17.12,short_circuit,1,short_circuit,1,100,experiment_2
short_circuit_1,2651,14.72504,17.1248,short_circuit,1,short_circuit,1,100,experiment_2
short_circuit_1,2652,14.72984,17.1296,short_circuit,1,short_circuit,1,100,experiment_2
short_circuit_1,2653,14.73464,17.1344,short_circuit,1,short_circuit,1,100,experiment_2
short_circuit_1,2654,14.73944,17.1392,short_circuit,1,short_circuit,1,100,experiment_2
short_circuit_1,2655,14.74424,17.144,short_circuit,1,short_circuit,1,100,experiment_2
short_circuit_1,2656,14.74904,17.1488,short_circuit,1,short_circuit,1,100,experiment_2
short_circuit_1,2657,14.75384,17.1536,short_circuit,1,short_circuit,1,100,experiment_2
short_circuit_1,2658,14.75864,17.1584,short_circuit,1,short_circuit,1,100,experiment_2
short_circuit_1,2659,14.76344,17.1632,short_circuit,1,short_circuit,1,100,experiment_2
short_circuit_1,2660,14.76824,17.168,short_circuit,1,short_circuit,1,100,experiment_2
short_circuit_1,2661,14.77304,17.1728,short_circuit,1,short_circuit,1,100,experiment_2
short_circuit_1,2662,14.77784,17.1776,short_circuit,1,short_circuit,1,100,experiment_2
short_circuit_1,2663,14.78264,17.1824,short_circuit,1,short_circuit,1,100,experiment_2
short_circuit_1,2664,14.78744,17.1872,short_circuit,1,short_circuit,1,100,experiment_2
short_circuit_1,2665,14.79224,17.192,short_circuit,1,short_circuit,1,100,experiment_2
short_circuit_1,2666,14.79704,17.1968,short_circuit,1,short_circuit,1,100,experiment_2
short_circuit_1,2667,14.80184,17.2016,short_circuit,1,short_circuit,1,100,experiment_2
short_circuit_1,2668,14.80664,17.2064,short_circuit,1,short_circuit,1,100,experiment_2
short_circuit_1,2669,14.81144,17.2112,short_circuit,1,short_circuit,1,100,experiment_2
short_circuit_1,2670,14.81624,17.216,short_circuit,1,short_circuit,1,100,experiment_2
short_circuit_1,2671,14.82104,17.2208,short_circuit,1,short_circuit,1,100,experiment_2
short_circuit_1,2672,14.82584,17.2256,short_circuit,1,short_circuit,1,100,experiment_2
short_circuit_1,2673,14.83064,17.2304,short_circuit,1,short_circuit,1,100,experiment_2
short_circuit_1,2674,14.83544,17.2352,short_circuit,1,short_circuit,1,100,experiment_2
short_circuit_1,2675,14.84024,17.24,short_circuit,1,short_circuit,1,100,experiment_2
short_circuit_1,2676,14.84504,17.2448,short_circuit,1,short_circuit,1,100,experiment_2
short_circuit_1,2677,14.84984,17.2496,short_circuit,1,short_circuit,1,100,experiment_2
short_circuit_1,2678,14.85464,17.2544,short_circuit,1,short_circuit,1,100,experiment_2
short_circuit_1,2679,14.85944,17.2592,short_circuit,1,short_circuit,1,100,experiment_2
short_circuit_1,2680,14.86424,17.264,short_circuit,1,short_circuit,1,100,experiment_2
short_circuit_1,2681,14.86904,17.2688,short_circuit,1,short_circuit,1,100,experiment_2
short_circuit_1,2682,14.87384,17.2736,short_circuit,1,short_circuit,1,100,experiment_2
short_circuit_1,2683,14.87864,17.2784,short_circuit,1,short_circuit,1,100,experiment_2
short_circuit_1,2684,14.88344,17.2832,short_circuit,1,short_circuit,1,100,experiment_2
short_circuit_1,2685,14.88824,17.288,short_circuit,1,short_circuit,1,100,experiment_2
short_circuit_1,2686,14.89304,17.2928,short_circuit,1,short_circuit,1,100,experiment_2
short_circuit_1,2687,14.89784,17.2976,short_circuit,1,short_circuit,1,100,experiment_2
short_circuit_1,2688,14.90264,17.3024,short_circuit,1,short_circuit,1,100,experiment_2
short_circuit_1,2689,14.90744,17.3072,short_circuit,1,short_circuit,1,100,experiment_2
short_circuit_1,2690,14.91224,17.312,short_circuit,1,short_circuit,1,100,experiment_2
short_circuit_1,2691,14.91704,17.3168,short_circuit,1,short_circuit,1,100,experiment_2
short_circuit_1,2692,14.92184,17.3216,short_circuit,1,short_circuit,1,100,experiment_2
short_circuit_1,2693,14.92664,17.3264,short_circuit,1,short_circuit,1,100,experiment_2
short_circuit_1,2694,14.93144,17.3312,short_circuit,1,short_circuit,1,100,experiment_2
short_circuit_1,2695,14.93624,17.336,short_circuit,1,short_circuit,1,100,experiment_2
short_circuit_1,2696,14.94104,17.3408,short_circuit,1,short_circuit,1,100,experiment_2
short_circuit_1,2697,14.94584,17.3456,short_circuit,1,short_circuit,1,100,experiment_2
short_circuit_1,2698,14.95064,17.3504,short_circuit,1,short_circuit,1,100,experiment_2
short_circuit_1,2699,14.95544,17.3552,short_circuit,1,short_circuit,1,100,experiment_2
short_circuit_1,2700,14.96024,17.36,short_circuit,1,short_circuit,1,100,experiment_2
short_circuit_1,2701,14.96504,17.3648,short_circuit,1,short_circuit,1,100,experiment_2
short_circuit_1,2702,14.96984,17.3696,short_circuit,1,short_circuit,1,100,experiment_2
short_circuit_1,2703,14.97464,17.3744,short_circuit,1,short_circuit,1,100,experiment_2
short_circuit_1,2704,14.97944,17.3792,short_circuit,1,short_circuit,1,100,experiment_2
short_circuit_1,2705,14.98424,17.384,short_circuit,1,short_circuit,1,100,experiment_2
short_circuit_1,2706,14.98904,17.3888,short_circuit,1,short_circuit,1,100,experiment_2
short_circuit_1,2707,14.99384,17.3936,short_circuit,1,short_circuit,1,100,experiment_2
short_circuit_1,2708,14.99864,17.3984,short_circuit,1,short_circuit,1,100,experiment_2
short_circuit_1,2709,15.00344,17.4032,short_circuit,1,short_circuit,1,100,experiment_2
short_circuit_1,2710,15.00824,17.408,short_circuit,1,short_circuit,1,100,experiment_2
short_circuit_1,2711,15.01304,17.4128,short_circuit,1,short_circuit,1,100,experiment_2
short_circuit_1,2712,15.01784,17.4176,short_circuit,1,short_circuit,1,100,experiment_2
short_circuit_1,2713,15.02264,17.4224,short_circuit,1,short_circuit,1,100,experiment_2
short_circuit_1,2714,15.02744,17.4272,short_circuit,1,short_circuit,1,100,experiment_2
short_circuit_1,2715,15.03224,17.432,short_circuit,1,short_circuit,1,100,experiment_2
short_circuit_1,2716,15.03704,17.4368,short_circuit,1,short_circuit,1,100,experiment_2
short_circuit_1,2717,15.04184,17.4416,short_circuit,1,short_circuit,1,100,experiment_2
short_circuit_1,2718,15.04664,17.4464,short_circuit,1,short_circuit,1,100,experiment_2
short_circuit_1,2719,15.05144,17.4512,short_circuit,1,short_circuit,1,100,experiment_2
short_circuit_1,2720,15.05624,17.456,short_circuit,1,short_circuit,1,100,experiment_2
short_circuit_1,2721,15.06104,17.4608,short_circuit,1,short_circuit,1,100,experiment_2
short_circuit_1,2722,15.06584,17.4656,short_circuit,1,short_circuit,1,100,experiment_2
short_circuit_1,2723,15.07064,17.4704,short_circuit,1,short_circuit,1,100,experiment_2
short_circuit_1,2724,15.07544,17.4752,short_circuit,1,short_circuit,1,100,experiment_2
short_circuit_1,2725,15.08024,17.48,short_circuit,1,short_circuit,1,100,experiment_2
short_circuit_1,2726,15.08504,17.4848,short_circuit,1,short_circuit,1,100,experiment_2
short_circuit_1,2727,15.08984,17.4896,short_circuit,1,short_circuit,1,100,experiment_2
short_circuit_1,2728,15.09464,17.4944,short_circuit,1,short_circuit,1,100,experiment_2
short_circuit_1,2729,15.09944,17.4992,short_circuit,1,short_circuit,1,100,experiment_2
short_circuit_1,2730,15.10424,17.504,short_circuit,1,short_circuit,1,100,experiment_2
short_circuit_1,2731,15.10904,17.5088,short_circuit,1,short_circuit,1,100,experiment_2
short_circuit_1,2732,15.11384,17.5136,short_circuit,1,short_circuit,1,100,experiment_2
short_circuit_1,2733,15.11864,17.5184,short_circuit,1,short_circuit,1,100,experiment_2
short_circuit_1,2734,15.12344,17.5232,short_circuit,1,short_circuit,1,100,experiment_2
short_circuit_1,2735,15.12824,17.528,short_circuit,1,short_circuit,1,100,experiment_2
short_circuit_1,2736,15.13304,17.5328,short_circuit,1,short_circuit,1,100,experiment_2
short_circuit_1,2737,15.13784,17.5376,short_circuit,1,short_circuit,1,100,experiment_2
short_circuit_1,2738,15.14264,17.5424,short_circuit,1,short_circuit,1,100,experiment_2
short_circuit_1,2739,15.14744,17.5472,short_circuit,1,short_circuit,1,100,experiment_2
short_circuit_1,2740,15.15224,17.552,short_circuit,1,short_circuit,1,100,experiment_2
short_circuit_1,2741,15.15704,17.5568,short_circuit,1,short_circuit,1,100,experiment_2
short_circuit_1,2742,15.16184,17.5616,short_circuit,1,short_circuit,1,100,experiment_2
short_circuit_1,2743,15.16664,17.5664,short_circuit,1,short_circuit,1,100,experiment_2
short_circuit_1,2744,15.17144,17.5712,short_circuit,1,short_circuit,1,100,experiment_2
short_circuit_1,2745,15.17624,17.576,short_circuit,1,short_circuit,1,100,experiment_2
short_circuit_1,2746,15.18104,17.5808,short_circuit,1,short_circuit,1,100,experiment_2
short_circuit_1,2747,15.18584,17.5856,short_circuit,1,short_circuit,1,100,experiment_2
short_circuit_1,2748,15.19064,17.5904,short_circuit,1,short_circuit,1,100,experiment_2
short_circuit_1,2749,15.19544,17.5952,short_circuit,1,short_circuit,1,100,experiment_2
short_circuit_1,2750,15.20024,17.6,short_circuit,1,short_circuit,1,100,experiment_2
short_circuit_1,2751,15.20504,17.6048,short_circuit,1,short_circuit,1,100,experiment_2
short_circuit_1,2752,15.20984,17.6096,short_circuit,1,short_circuit,1,100,experiment_2
short_circuit_1,2753,15.21464,17.6144,short_circuit,1,short_circuit,1,100,experiment_2
short_circuit_1,2754,15.21944,17.6192,short_circuit,1,short_circuit,1,100,experiment_2
short_circuit_1,2755,15.22424,17.624,short_circuit,1,short_circuit,1,100,experiment_2
short_circuit_1,2756,15.22904,17.6288,short_circuit,1,short_circuit,1,100,experiment_2
short_circuit_1,2757,15.23384,17.6336,short_circuit,1,short_circuit,1,100,experiment_2
short_circuit_1,2758,15.23864,17.6384,short_circuit,1,short_circuit,1,100,experiment_2
short_circuit_1,2759,15.24344,17.6432,short_circuit,1,short_circuit,1,100,experiment_2
short_circuit_1,2760,15.24824,17.648,short_circuit,1,short_circuit,1,100,experiment_2
short_circuit_1,2761,15.25304,17.6528,short_circuit,1,short_circuit,1,100,experiment_2
short_circuit_1,2762,15.25784,17.6576,short_circuit,1,short_circuit,1,100,experiment_2
short_circuit_1,2763,15.26264,17.6624,short_circuit,1,short_circuit,1,100,experiment_2
short_circuit_1,2764,15.26744,17.6672,short_circuit,1,short_circuit,1,100,experiment_2
short_circuit_1,2765,15.27224,17.672,short_circuit,1,short_circuit,1,100,experiment_2
short_circuit_1,2766,15.27704,17.6768,short_circuit,1,short_circuit,1,100,experiment_2
short_circuit_1,2767,15.28184,17.6816,short_circuit,1,short_circuit,1,100,experiment_2
short_circuit_1,2768,15.28664,17.6864,short_circuit,1,short_circuit,1,100,experiment_2
short_circuit_1,2769,15.29144,17.6912,short_circuit,1,short_circuit,1,100,experiment_2
short_circuit_1,2770,15.29624,17.696,short_circuit,1,short_circuit,1,100,experiment_2
short_circuit_1,2771,15.30104,17.7008,short_circuit,1,short_circuit,1,100,experiment_2
short_circuit_1,2772,15.30584,17.7056,short_circuit,1,short_circuit,1,100,experiment_2
short_circuit_1,2773,15.31064,17.7104,short_circuit,1,short_circuit,1,100,experiment_2
short_circuit_1,2774,15.31544,17.7152,short_circuit,1,short_circuit,1,100,experiment_2
short_circuit_1,2775,15.32024,17.72,short_circuit,1,short_circuit,1,100,experiment_2
short_circuit_1,2776,15.32504,17.7248,short_circuit,1,short_circuit,1,100,experiment_2
short_circuit_1,2777,15.32984,17.7296,short_circuit,1,short_circuit,1,100,experiment_2
short_circuit_1,2778,15.33464,17.7344,short_circuit,1,short_circuit,1,100,experiment_2
short_circuit_1,2779,15.33944,17.7392,short_circuit,1,short_circuit,1,100,experiment_2
short_circuit_1,2780,15.34424,17.744,short_circuit,1,short_circuit,1,100,experiment_2
short_circuit_1,2781,15.34904,17.7488,short_circuit,1,short_circuit,1,100,experiment_2
short_circuit_1,2782,15.35384,17.7536,short_circuit,1,short_circuit,1,100,experiment_2
short_circuit_1,2783,15.35864,17.7584,short_circuit,1,short_circuit,1,100,experiment_2
short_circuit_1,2784,15.36344,17.7632,short_circuit,1,short_circuit,1,100,experiment_2
short_circuit_1,2785,15.36824,17.768,short_circuit,1,short_circuit,1,100,experiment_2
short_circuit_1,2786,15.37304,17.7728,short_circuit,1,short_circuit,1,100,experiment_2
short_circuit_1,2787,15.37784,17.7776,short_circuit,1,short_circuit,1,100,experiment_2
short_circuit_1,2788,15.38264,17.7824,short_circuit,1,short_circuit,1,100,experiment_2
short_circuit_1,2789,15.38744,17.7872,short_circuit,1,short_circuit,1,100,experiment_2
short_circuit_1,2790,15.39224,17.792,short_circuit,1,short_circuit,1,100,experiment_2
short_circuit_1,2791,15.39704,17.7968,short_circuit,1,short_circuit,1,100,experiment_2
short_circuit_1,2792,15.40184,17.8016,short_circuit,1,short_circuit,1,100,experiment_2
short_circuit_1,2793,15.40664,17.8064,short_circuit,1,short_circuit,1,100,experiment_2
short_circuit_1,2794,15.41144,17.8112,short_circuit,1,short_circuit,1,100,experiment_2
short_circuit_1,2795,15.41624,17.816,short_circuit,1,short_circuit,1,100,experiment_2
short_circuit_1,2796,15.42104,17.8208,short_circuit,1,short_circuit,1,100,experiment_2
short_circuit_1,2797,15.42584,17.8256,short_circuit,1,short_circuit,1,100,experiment_2
short_circuit_1,2798,15.43064,17.8304,short_circuit,1,short_circuit,1,100,experiment_2
short_circuit_1,2799,15.43544,17.8352,short_circuit,1,short_circuit,1,100,experiment_2
short_circuit_1,2800,15.44024,17.84,short_circuit,1,short_circuit,1,100,experiment_2
short_circuit_1,2801,15.44504,17.8448,short_circuit,1,short_circuit,1,100,experiment_2
short_circuit_1,2802,15.44984,17.8496,short_circuit,1,short_circuit,1,100,experiment_2
short_circuit_1,2803,15.45464,17.8544,short_circuit,1,short_circuit,1,100,experiment_2
short_circuit_1,2804,15.45944,17.8592,short_circuit,1,short_circuit,1,100,experiment_2
short_circuit_1,2805,15.46424,17.864,short_circuit,1,short_circuit,1,100,experiment_2
short_circuit_1,2806,15.46904,17.8688,short_circuit,1,short_circuit,1,100,experiment_2
short_circuit_1,2807,15.47384,17.8736,short_circuit,1,short_circuit,1,100,experiment_2
short_circuit_1,2808,15.47864,17.8784,short_circuit,1,short_circuit,1,100,experiment_2
short_circuit_1,2809,15.48344,17.8832,short_circuit,1,short_circuit,1,100,experiment_2
short_circuit_1,2810,15.48824,17.888,short_circuit,1,short_circuit,1,100,experiment_2
short_circuit_1,2811,15.49304,17.8928,short_circuit,1,short_circuit,1,100,experiment_2
short_circuit_1,2812,15.49784,17.8976,short_circuit,1,short_circuit,1,100,experiment_2
short_circuit_1,2813,15.50264,17.9024,short_circuit,1,short_circuit,1,100,experiment_2
short_circuit_1,2814,15.50744,17.9072,short_circuit,1,short_circuit,1,100,experiment_2
short_circuit_1,2815,15.51224,17.912,short_circuit,1,short_circuit,1,100,experiment_2
short_circuit_1,2816,15.51704,17.9168,short_circuit,1,short_circuit,1,100,experiment_2
short_circuit_1,2817,15.52184,17.9216,short_circuit,1,short_circuit,1,100,experiment_2
short_circuit_1,2818,15.52664,17.9264,short_circuit,1,short_circuit,1,100,experiment_2
short_circuit_1,2819,15.53144,17.9312,short_circuit,1,short_circuit,1,100,experiment_2
short_circuit_1,2820,15.53624,17.936,short_circuit,1,short_circuit,1,100,experiment_2
short_circuit_1,2821,15.54104,17.9408,short_circuit,1,short_circuit,1,100,experiment_2
short_circuit_1,2822,15.54584,17.9456,short_circuit,1,short_circuit,1,100,experiment_2
short_circuit_1,2823,15.55064,17.9504,short_circuit,1,short_circuit,1,100,experiment_2
short_circuit_1,2824,15.55544,17.9552,short_circuit,1,short_circuit,1,100,experiment_2
short_circuit_1,2825,15.56024,17.96,short_circuit,1,short_circuit,1,100,experiment_2
short_circuit_1,2826,15.56504,17.9648,short_circuit,1,short_circuit,1,100,experiment_2
short_circuit_1,2827,15.56984,17.9696,short_circuit,1,short_circuit,1,100,experiment_2
short_circuit_1,2828,15.57464,17.9744,short_circuit,1,short_circuit,1,100,experiment_2
short_circuit_1,2829,15.57944,17.9792,short_circuit,1,short_circuit,1,100,experiment_2
short_circuit_1,2830,15.58424,17.984,short_circuit,1,short_circuit,1,100,experiment_2
short_circuit_1,2831,15.58904,17.9888,short_circuit,1,short_circuit,1,100,experiment_2
short_circuit_1,2832,15.59384,17.9936,short_circuit,1,short_circuit,1,100,experiment_2
short_circuit_1,2833,15.59864,17.9984,short_circuit,1,short_circuit,1,100,experiment_2
short_circuit_1,2834,15.60344,18.0032,short_circuit,1,short_circuit,1,100,experiment_2
short_circuit_1,2835,15.60824,18.008,short_circuit,1,short_circuit,1,100,experiment_2
short_circuit_1,2836,15.61304,18.0128,short_circuit,1,short_circuit,1,100,experiment_2
short_circuit_1,2837,15.61784,18.0176,short_circuit,1,short_circuit,1,100,experiment_2
short_circuit_1,2838,15.62264,18.0224,short_circuit,1,short_circuit,1,100,experiment_2
short_circuit_1,2839,15.62744,18.0272,short_circuit,1,short_circuit,1,100,experiment_2
short_circuit_1,2840,15.63224,18.032,short_circuit,1,short_circuit,1,100,experiment_2
short_circuit_1,2841,15.63704,18.0368,short_circuit,1,short_circuit,1,100,experiment_2
short_circuit_1,2842,15.64184,18.0416,short_circuit,1,short_circuit,1,100,experiment_2
short_circuit_1,2843,15.64664,18.0464,short_circuit,1,short_circuit,1,100,experiment_2
short_circuit_1,2844,15.65144,18.0512,short_circuit,1,short_circuit,1,100,experiment_2
short_circuit_1,2845,15.65624,18.056,short_circuit,1,short_circuit,1,100,experiment_2
short_circuit_1,2846,15.66104,18.0608,short_circuit,1,short_circuit,1,100,experiment_2
short_circuit_1,2847,15.66584,18.0656,short_circuit,1,short_circuit,1,100,experiment_2
short_circuit_1,2848,15.67064,18.0704,short_circuit,1,short_circuit,1,100,experiment_2
short_circuit_1,2849,15.67544,18.0752,short_circuit,1,short_circuit,1,100,experiment_2
short_circuit_1,2850,15.68024,18.08,short_circuit,1,short_circuit,1,100,experiment_2
short_circuit_1,2851,15.68504,18.0848,short_circuit,1,short_circuit,1,100,experiment_2
short_circuit_1,2852,15.68984,18.0896,short_circuit,1,short_circuit,1,100,experiment_2
short_circuit_1,2853,15.69464,18.0944,short_circuit,1,short_circuit,1,100,experiment_2
short_circuit_1,2854,15.69944,18.0992,short_circuit,1,short_circuit,1,100,experiment_2
short_circuit_1,2855,15.70424,18.104,short_circuit,1,short_circuit,1,100,experiment_2
short_circuit_1,2856,15.70904,18.1088,short_circuit,1,short_circuit,1,100,experiment_2
short_circuit_1,2857,15.71384,18.1136,short_circuit,1,short_circuit,1,100,experiment_2
short_circuit_1,2858,15.71864,18.1184,short_circuit,1,short_circuit,1,100,experiment_2
short_circuit_1,2859,15.72344,18.1232,short_circuit,1,short_circuit,1,100,experiment_2
short_circuit_1,2860,15.72824,18.128,short_circuit,1,short_circuit,1,100,experiment_2
short_circuit_1,2861,15.73304,18.1328,short_circuit,1,short_circuit,1,100,experiment_2
short_circuit_1,2862,15.73784,18.1376,short_circuit,1,short_circuit,1,100,experiment_2
short_circuit_1,2863,15.74264,18.1424,short_circuit,1,short_circuit,1,100,experiment_2
short_circuit_1,2864,15.74744,18.1472,short_circuit,1,short_circuit,1,100,experiment_2
short_circuit_1,2865,15.75224,18.152,short_circuit,1,short_circuit,1,100,experiment_2
short_circuit_1,2866,15.75704,18.1568,short_circuit,1,short_circuit,1,100,experiment_2
short_circuit_1,2867,15.76184,18.1616,short_circuit,1,short_circuit,1,100,experiment_2
short_circuit_1,2868,15.76664,18.1664,short_circuit,1,short_circuit,1,100,experiment_2
short_circuit_1,2869,15.77144,18.1712,short_circuit,1,short_circuit,1,100,experiment_2
short_circuit_1,2870,15.77624,18.176,short_circuit,1,short_circuit,1,100,experiment_2
short_circuit_1,2871,15.78104,18.1808,short_circuit,1,short_circuit,1,100,experiment_2
short_circuit_1,2872,15.78584,18.1856,short_circuit,1,short_circuit,1,100,experiment_2
short_circuit_1,2873,15.79064,18.1904,short_circuit,1,short_circuit,1,100,experiment_2
short_circuit_1,2874,15.79544,18.1952,short_circuit,1,short_circuit,1,100,experiment_2
short_circuit_1,2875,15.80024,18.2,short_circuit,1,short_circuit,1,100,experiment_2
short_circuit_1,2876,15.80504,18.2048,short_circuit,1,short_circuit,1,100,experiment_2
short_circuit_1,2877,15.80984,18.2096,short_circuit,1,short_circuit,1,100,experiment_2
short_circuit_1,2878,15.81464,18.2144,short_circuit,1,short_circuit,1,100,experiment_2
short_circuit_1,2879,15.81944,18.2192,short_circuit,1,short_circuit,1,100,experiment_2
short_circuit_1,2880,15.82424,18.224,short_circuit,1,short_circuit,1,100,experiment_2
short_circuit_1,2881,15.82904,18.2288,short_circuit,1,short_circuit,1,100,experiment_2
short_circuit_1,2882,15.83384,18.2336,short_circuit,1,short_circuit,1,100,experiment_2
short_circuit_1,2883,15.83864,18.2384,short_circuit,1,short_circuit,1,100,experiment_2
short_circuit_1,2884,15.84344,18.2432,short_circuit,1,short_circuit,1,100,experiment_2
short_circuit_1,2885,15.84824,18.248,short_circuit,1,short_circuit,1,100,experiment_2
short_circuit_1,2886,15.85304,18.2528,short_circuit,1,short_circuit,1,100,experiment_2
short_circuit_1,2887,15.85784,18.2576,short_circuit,1,short_circuit,1,100,experiment_2
short_circuit_1,2888,15.86264,18.2624,short_circuit,1,short_circuit,1,100,experiment_2
short_circuit_1,2889,15.86744,18.2672,short_circuit,1,short_circuit,1,100,experiment_2
short_circuit_1,2890,15.87224,18.272,short_circuit,1,short_circuit,1,100,experiment_2
short_circuit_1,2891,15.87704,18.2768,short_circuit,1,short_circuit,1,100,experiment_2
short_circuit_1,2892,15.88184,18.2816,short_circuit,1,short_circuit,1,100,experiment_2
short_circuit_1,2893,15.88664,18.2864,short_circuit,1,short_circuit,1,100,experiment_2
short_circuit_1,2894,15.89144,18.2912,short_circuit,1,short_circuit,1,100,experiment_2
short_circuit_1,2895,15.89624,18.296,short_circuit,1,short_circuit,1,100,experiment_2
short_circuit_1,2896,15.90104,18.3008,short_circuit,1,short_circuit,1,100,experiment_2
short_circuit_1,2897,15.90584,18.3056,short_circuit,1,short_circuit,1,100,experiment_2
short_circuit_1,2898,15.91064,18.3104,short_circuit,1,short_circuit,1,100,experiment_2
short_circuit_1,2899,15.91544,18.3152,short_circuit,1,short_circuit,1,100,experiment_2
short_circuit_1,2900,15.92024,18.32,short_circuit,1,short_circuit,1,100,experiment_2
short_circuit_1,2901,15.92504,18.3248,short_circuit,1,short_circuit,1,100,experiment_2
short_circuit_1,2902,15.92984,18.3296,short_circuit,1,short_circuit,1,100,experiment_2
short_circuit_1,2903,15.93464,18.3344,short_circuit,1,short_circuit,1,100,experiment_2
short_circuit_1,2904,15.93944,18.3392,short_circuit,1,short_circuit,1,100,experiment_2
short_circuit_1,2905,15.94424,18.344,short_circuit,1,short_circuit,1,100,experiment_2
short_circuit_1,2906,15.94904,18.3488,short_circuit,1,short_circuit,1,100,experiment_2
short_circuit_1,2907,15.95384,18.3536,short_circuit,1,short_circuit,1,100,experiment_2
short_circuit_1,2908,15.95864,18.3584,short_circuit,1,short_circuit,1,100,experiment_2
short_circuit_1,2909,15.96344,18.3632,short_circuit,1,short_circuit,1,100,experiment_2
short_circuit_1,2910,15.96824,18.368,short_circuit,1,short_circuit,1,100,experiment_2
short_circuit_1,2911,15.97304,18.3728,short_circuit,1,short_circuit,1,100,experiment_2
short_circuit_1,2912,15.97784,18.3776,short_circuit,1,short_circuit,1,100,experiment_2
short_circuit_1,2913,15.98264,18.3824,short_circuit,1,short_circuit,1,100,experiment_2
short_circuit_1,2914,15.98744,18.3872,short_circuit,1,short_circuit,1,100,experiment_2
short_circuit_1,2915,15.99224,18.392,short_circuit,1,short_circuit,1,100,experiment_2
short_circuit_1,2916,15.99704,18.3968,short_circuit,1,short_circuit,1,100,experiment_2
short_circuit_1,2917,16.00184,18.4016,short_circuit,1,short_circuit,1,100,experiment_2
short_circuit_1,2918,16.00664,18.4064,short_circuit,1,short_circuit,1,100,experiment_2
short_circuit_1,2919,16.01144,18.4112,short_circuit,1,short_circuit,1,100,experiment_2
short_circuit_1,2920,16.01624,18.416,short_circuit,1,short_circuit,1,100,experiment_2
short_circuit_1,2921,16.02104,18.4208,short_circuit,1,short_circuit,1,100,experiment_2
short_circuit_1,2922,16.02584,18.4256,short_circuit,1,short_circuit,1,100,experiment_2
short_circuit_1,2923,16.03064,18.4304,short_circuit,1,short_circuit,1,100,experiment_2
short_circuit_1,2924,16.03544,18.4352,short_circuit,1,short_circuit,1,100,experiment_2
short_circuit_1,2925,16.04024,18.44,short_circuit,1,short_circuit,1,100,experiment_2
short_circuit_1,2926,16.04504,18.4448,short_circuit,1,short_circuit,1,100,experiment_2
short_circuit_1,2927,16.04984,18.4496,short_circuit,1,short_circuit,1,100,experiment_2
short_circuit_1,2928,16.05464,18.4544,short_circuit,1,short_circuit,1,100,experiment_2
short_circuit_1,2929,16.05944,18.4592,short_circuit,1,short_circuit,1,100,experiment_2
short_circuit_1,2930,16.06424,18.464,short_circuit,1,short_circuit,1,100,experiment_2
short_circuit_1,2931,16.06904,18.4688,short_circuit,1,short_circuit,1,100,experiment_2
short_circuit_1,2932,16.07384,18.4736,short_circuit,1,short_circuit,1,100,experiment_2
short_circuit_1,2933,16.07864,18.4784,short_circuit,1,short_circuit,1,100,experiment_2
short_circuit_1,2934,16.08344,18.4832,short_circuit,1,short_circuit,1,100,experiment_2
short_circuit_1,2935,16.08824,18.488,short_circuit,1,short_circuit,1,100,experiment_2
short_circuit_1,2936,16.09304,18.4928,short_circuit,1,short_circuit,1,100,experiment_2
short_circuit_1,2937,16.09784,18.4976,short_circuit,1,short_circuit,1,100,experiment_2
short_circuit_1,2938,16.10264,18.5024,short_circuit,1,short_circuit,1,100,experiment_2
short_circuit_1,2939,16.10744,18.5072,short_circuit,1,short_circuit,1,100,experiment_2
short_circuit_1,2940,16.11224,18.512,short_circuit,1,short_circuit,1,100,experiment_2
short_circuit_1,2941,16.11704,18.5168,short_circuit,1,short_circuit,1,100,experiment_2
short_circuit_1,2942,16.12184,18.5216,short_circuit,1,short_circuit,1,100,experiment_2
short_circuit_1,2943,16.12664,18.5264,short_circuit,1,short_circuit,1,100,experiment_2
short_circuit_1,2944,16.13144,18.5312,short_circuit,1,short_circuit,1,100,experiment_2
short_circuit_1,2945,16.13624,18.536,short_circuit,1,short_circuit,1,100,experiment_2
short_circuit_1,2946,16.14104,18.5408,short_circuit,1,short_circuit,1,100,experiment_2
short_circuit_1,2947,16.14584,18.5456,short_circuit,1,short_circuit,1,100,experiment_2
short_circuit_1,2948,16.15064,18.5504,short_circuit,1,short_circuit,1,100,experiment_2
short_circuit_1,2949,16.15544,18.5552,short_circuit,1,short_circuit,1,100,experiment_2
short_circuit_1,2950,16.16024,18.56,short_circuit,1,short_circuit,1,100,experiment_2
short_circuit_1,2951,16.16504,18.5648,short_circuit,1,short_circuit,1,100,experiment_2
short_circuit_1,2952,16.16984,18.5696,short_circuit,1,short_circuit,1,100,experiment_2
short_circuit_1,2953,16.17464,18.5744,short_circuit,1,short_circuit,1,100,experiment_2
short_circuit_1,2954,16.17944,18.5792,short_circuit,1,short_circuit,1,100,experiment_2
short_circuit_1,2955,16.18424,18.584,short_circuit,1,short_circuit,1,100,experiment_2
short_circuit_1,2956,16.18904,18.5888,short_circuit,1,short_circuit,1,100,experiment_2
short_circuit_1,2957,16.19384,18.5936,short_circuit,1,short_circuit,1,100,experiment_2
short_circuit_1,2958,16.19864,18.5984,short_circuit,1,short_circuit,1,100,experiment_2
short_circuit_1,2959,16.20344,18.6032,short_circuit,1,short_circuit,1,100,experiment_2
short_circuit_1,2960,16.20824,18.608,short_circuit,1,short_circuit,1,100,experiment_2
short_circuit_1,2961,16.21304,18.6128,short_circuit,1,short_circuit,1,100,experiment_2
short_circuit_1,2962,16.21784,18.6176,short_circuit,1,short_circuit,1,100,experiment_2
short_circuit_1,2963,16.22264,18.6224,short_circuit,1,short_circuit,1,100,experiment_2
short_circuit_1,2964,16.22744,18.6272,short_circuit,1,short_circuit,1,100,experiment_2
short_circuit_1,2965,16.23224,18.632,short_circuit,1,short_circuit,1,100,experiment_2
short_circuit_1,2966,16.23704,18.6368,short_circuit,1,short_circuit,1,100,experiment_2
short_circuit_1,2967,16.24184,18.6416,short_circuit,1,short_circuit,1,100,experiment_2
short_circuit_1,2968,16.24664,18.6464,short_circuit,1,short_circuit,1,100,experiment_2
short_circuit_1,2969,16.25144,18.6512,short_circuit,1,short_circuit,1,100,experiment_2
short_circuit_1,2970,16.25624,18.656,short_circuit,1,short_circuit,1,100,experiment_2
short_circuit_1,2971,16.26104,18.6608,short_circuit,1,short_circuit,1,100,experiment_2
short_circuit_1,2972,16.26584,18.6656,short_circuit,1,short_circuit,1,100,experiment_2
short_circuit_1,2973,16.27064,18.6704,short_circuit,1,short_circuit,1,100,experiment_2
short_circuit_1,2974,16.27544,18.6752,short_circuit,1,short_circuit,1,100,experiment_2
short_circuit_1,2975,16.28024,18.68,short_circuit,1,short_circuit,1,100,experiment_2
short_circuit_1,2976,16.28504,18.6848,short_circuit,1,short_circuit,1,100,experiment_2
short_circuit_1,2977,16.28984,18.6896,short_circuit,1,short_circuit,1,100,experiment_2
short_circuit_1,2978,16.29464,18.6944,short_circuit,1,short_circuit,1,100,experiment_2
short_circuit_1,2979,16.29944,18.6992,short_circuit,1,short_circuit,1,100,experiment_2
short_circuit_1,2980,16.30424,18.704,short_circuit,1,short_circuit,1,100,experiment_2
short_circuit_1,2981,16.30904,18.7088,short_circuit,1,short_circuit,1,100,experiment_2
short_circuit_1,2982,16.31384,18.7136,short_circuit,1,short_circuit,1,100,experiment_2
short_circuit_1,2983,16.31864,18.7184,short_circuit,1,short_circuit,1,100,experiment_2
short_circuit_1,2984,16.32344,18.7232,short_circuit,1,short_circuit,1,100,experiment_2
short_circuit_1,2985,16.32824,18.728,short_circuit,1,short_circuit,1,100,experiment_2
short_circuit_1,2986,16.33304,18.7328,short_circuit,1,short_circuit,1,100,experiment_2
short_circuit_1,2987,16.33784,18.7376,short_circuit,1,short_circuit,1,100,experiment_2
short_circuit_1,2988,16.34264,18.7424,short_circuit,1,short_circuit,1,100,experiment_2
short_circuit_1,2989,16.34744,18.7472,short_circuit,1,short_circuit,1,100,experiment_2
short_circuit_1,2990,16.35224,18.752,short_circuit,1,short_circuit,1,100,experiment_2
short_circuit_1,2991,16.35704,18.7568,short_circuit,1,short_circuit,1,100,experiment_2
short_circuit_1,2992,16.36184,18.7616,short_circuit,1,short_circuit,1,100,experiment_2
short_circuit_1,2993,16.36664,18.7664,short_circuit,1,short_circuit,1,100,experiment_2
short_circuit_1,2994,16.37144,18.7712,short_circuit,1,short_circuit,1,100,experiment_2
short_circuit_1,2995,16.37624,18.776,short_circuit,1,short_circuit,1,100,experiment_2
short_circuit_1,2996,16.38104,18.7808,short_circuit,1,short_circuit,1,100,experiment_2
short_circuit_1,2997,16.38584,18.7856,short_circuit,1,short_circuit,1,100,experiment_2
short_circuit_1,2998,16.39064,18.7904,short_circuit,1,short_circuit,1,100,experiment_2
short_circuit_1,2999,16.39544,18.7952,short_circuit,1,short_circuit,1,100,experiment_2
short_circuit_1,3000,16.40024,18.8,short_circuit,1,short_circuit,1,100,experiment_2
short_circuit_1,3001,16.40504,18.8048,short_circuit,1,short_circuit,1,100,experiment_2
short_circuit_1,3002,16.40984,18.8096,short_circuit,1,short_circuit,1,100,experiment_2
short_circuit_1,3003,16.41464,18.8144,short_circuit,1,short_circuit,1,100,experiment_2
short_circuit_1,3004,16.41944,18.8192,short_circuit,1,short_circuit,1,100,experiment_2
short_circuit_1,3005,16.42424,18.824,short_circuit,1,short_circuit,1,100,experiment_2
short_circuit_1,3006,16.42904,18.8288,short_circuit,1,short_circuit,1,100,experiment_2
short_circuit_1,3007,16.43384,18.8336,short_circuit,1,short_circuit,1,100,experiment_2
short_circuit_1,3008,16.43864,18.8384,short_circuit,1,short_circuit,1,100,experiment_2
short_circuit_1,3009,16.44344,18.8432,short_circuit,1,short_circuit,1,100,experiment_2
short_circuit_1,3010,16.44824,18.848,short_circuit,1,short_circuit,1,100,experiment_2
short_circuit_1,3011,16.45304,18.8528,short_circuit,1,short_circuit,1,100,experiment_2
short_circuit_1,3012,16.45784,18.8576,short_circuit,1,short_circuit,1,100,experiment_2
short_circuit_1,3013,16.46264,18.8624,short_circuit,1,short_circuit,1,100,experiment_2
short_circuit_1,3014,16.46744,18.8672,short_circuit,1,short_circuit,1,100,experiment_2
short_circuit_1,3015,16.47224,18.872,short_circuit,1,short_circuit,1,100,experiment_2
short_circuit_1,3016,16.47704,18.8768,short_circuit,1,short_circuit,1,100,experiment_2
short_circuit_1,3017,16.48184,18.8816,short_circuit,1,short_circuit,1,100,experiment_2
short_circuit_1,3018,16.48664,18.8864,short_circuit,1,short_circuit,1,100,experiment_2
short_circuit_1,3019,16.49144,18.8912,short_circuit,1,short_circuit,1,100,experiment_2
short_circuit_1,3020,16.49624,18.896,short_circuit,1,short_circuit,1,100,experiment_2
short_circuit_1,3021,16.50104,18.9008,short_circuit,1,short_circuit,1,100,experiment_2
short_circuit_1,3022,16.50584,18.9056,short_circuit,1,short_circuit,1,100,experiment_2
short_circuit_1,3023,16.51064,18.9104,short_circuit,1,short_circuit,1,100,experiment_2
short_circuit_1,3024,16.51544,18.9152,short_circuit,1,short_circuit,1,100,experiment_2
short_circuit_1,3025,16.52024,18.92,short_circuit,1,short_circuit,1,100,experiment_2
short_circuit_1,3026,16.52504,18.9248,short_circuit,1,short_circuit,1,100,experiment_2
short_circuit_1,3027,16.52984,18.9296,short_circuit,1,short_circuit,1,100,experiment_2
short_circuit_1,3028,16.53464,18.9344,short_circuit,1,short_circuit,1,100,experiment_2
short_circuit_1,3029,16.53944,18.9392,short_circuit,1,short_circuit,1,100,experiment_2
short_circuit_1,3030,16.54424,18.944,short_circuit,1,short_circuit,1,100,experiment_2
short_circuit_1,3031,16.54904,18.9488,short_circuit,1,short_circuit,1,100,experiment_2
short_circuit_1,3032,16.55384,18.9536,short_circuit,1,short_circuit,1,100,experiment_2
short_circuit_1,3033,16.55864,18.9584,short_circuit,1,short_circuit,1,100,experiment_2
short_circuit_1,3034,16.56344,18.9632,short_circuit,1,short_circuit,1,100,experiment_2
short_circuit_1,3035,16.56824,18.968,short_circuit,1,short_circuit,1,100,experiment_2
short_circuit_1,3036,16.57304,18.9728,short_circuit,1,short_circuit,1,100,experiment_2
short_circuit_1,3037,16.57784,18.9776,short_circuit,1,short_circuit,1,100,experiment_2
short_circuit_1,3038,16.58264,18.9824,short_circuit,1,short_circuit,1,100,experiment_2
short_circuit_1,3039,16.58744,18.9872,short_circuit,1,short_circuit,1,100,experiment_2
short_circuit_1,3040,16.59224,18.992,short_circuit,1,short_circuit,1,100,experiment_2
short_circuit_1,3041,16.59704,18.9968,short_circuit,1,short_circuit,1,100,experiment_2
short_circuit_1,3042,16.60184,19.0016,short_circuit,1,short_circuit,1,100,experiment_2
short_circuit_1,3043,16.60664,19.0064,short_circuit,1,short_circuit,1,100,experiment_2
short_circuit_1,3044,16.61144,19.0112,short_circuit,1,short_circuit,1,100,experiment_2
short_circuit_1,3045,16.61624,19.016,short_circuit,1,short_circuit,1,100,experiment_2
short_circuit_1,3046,16.62104,19.0208,short_circuit,1,short_circuit,1,100,experiment_2
short_circuit_1,3047,16.62584,19.0256,short_circuit,1,short_circuit,1,100,experiment_2
short_circuit_1,3048,16.63064,19.0304,short_circuit,1,short_circuit,1,100,experiment_2
short_circuit_1,3049,16.63544,19.0352,short_circuit,1,short_circuit,1,100,experiment_2
short_circuit_1,3050,16.64024,19.04,short_circuit,1,short_circuit,1,100,experiment_2
short_circuit_1,3051,16.64504,19.0448,short_circuit,1,short_circuit,1,100,experiment_2
short_circuit_1,3052,16.64984,19.0496,short_circuit,1,short_circuit,1,100,experiment_2
short_circuit_1,3053,16.65464,19.0544,short_circuit,1,short_circuit,1,100,experiment_2
short_circuit_1,3054,16.65944,19.0592,short_circuit,1,short_circuit,1,100,experiment_2
short_circuit_1,3055,16.66424,19.064,short_circuit,1,short_circuit,1,100,experiment_2
short_circuit_1,3056,16.66904,19.0688,short_circuit,1,short_circuit,1,100,experiment_2
short_circuit_1,3057,16.67384,19.0736,short_circuit,1,short_circuit,1,100,experiment_2
short_circuit_1,3058,16.67864,19.0784,short_circuit,1,short_circuit,1,100,experiment_2
short_circuit_1,3059,16.68344,19.0832,short_circuit,1,short_circuit,1,100,experiment_2
short_circuit_1,3060,16.68824,19.088,short_circuit,1,short_circuit,1,100,experiment_2
short_circuit_1,3061,16.69304,19.0928,short_circuit,1,short_circuit,1,100,experiment_2
short_circuit_1,3062,16.69784,19.0976,short_circuit,1,short_circuit,1,100,experiment_2
short_circuit_1,3063,16.70264,19.1024,short_circuit,1,short_circuit,1,100,experiment_2
short_circuit_1,3064,16.70744,19.1072,short_circuit,1,short_circuit,1,100,experiment_2
short_circuit_1,3065,16.71224,19.112,short_circuit,1,short_circuit,1,100,experiment_2
short_circuit_1,3066,16.71704,19.1168,short_circuit,1,short_circuit,1,100,experiment_2
short_circuit_1,3067,16.72184,19.1216,short_circuit,1,short_circuit,1,100,experiment_2
short_circuit_1,3068,16.72664,19.1264,short_circuit,1,short_circuit,1,100,experiment_2
short_circuit_1,3069,16.73144,19.1312,short_circuit,1,short_circuit,1,100,experiment_2
short_circuit_1,3070,16.73624,19.136,short_circuit,1,short_circuit,1,100,experiment_2
short_circuit_1,3071,16.74104,19.1408,short_circuit,1,short_circuit,1,100,experiment_2
short_circuit_1,3072,16.74584,19.1456,short_circuit,1,short_circuit,1,100,experiment_2
short_circuit_1,3073,16.75064,19.1504,short_circuit,1,short_circuit,1,100,experiment_2
short_circuit_1,3074,16.75544,19.1552,short_circuit,1,short_circuit,1,100,experiment_2
short_circuit_1,3075,16.76024,19.16,short_circuit,1,short_circuit,1,100,experiment_2
short_circuit_1,3076,16.76504,19.1648,short_circuit,1,short_circuit,1,100,experiment_2
short_circuit_1,3077,16.76984,19.1696,short_circuit,1,short_circuit,1,100,experiment_2
short_circuit_1,3078,16.77464,19.1744,short_circuit,1,short_circuit,1,100,experiment_2
short_circuit_1,3079,16.77944,19.1792,short_circuit,1,short_circuit,1,100,experiment_2
short_circuit_1,3080,16.78424,19.184,short_circuit,1,short_circuit,1,100,experiment_2
short_circuit_1,3081,16.78904,19.1888,short_circuit,1,short_circuit,1,100,experiment_2
short_circuit_1,3082,16.79384,19.1936,short_circuit,1,short_circuit,1,100,experiment_2
short_circuit_1,3083,16.79864,19.1984,short_circuit,1,short_circuit,1,100,experiment_2
short_circuit_1,3084,16.80344,19.2032,short_circuit,1,short_circuit,1,100,experiment_2
short_circuit_1,3085,16.80824,19.208,short_circuit,1,short_circuit,1,100,experiment_2
short_circuit_1,3086,16.81304,19.2128,short_circuit,1,short_circuit,1,100,experiment_2
short_circuit_1,3087,16.81784,19.2176,short_circuit,1,short_circuit,1,100,experiment_2
short_circuit_1,3088,16.82264,19.2224,short_circuit,1,short_circuit,1,100,experiment_2
short_circuit_1,3089,16.82744,19.2272,short_circuit,1,short_circuit,1,100,experiment_2
short_circuit_1,3090,16.83224,19.232,short_circuit,1,short_circuit,1,100,experiment_2
short_circuit_1,3091,16.83704,19.2368,short_circuit,1,short_circuit,1,100,experiment_2
short_circuit_1,3092,16.84184,19.2416,short_circuit,1,short_circuit,1,100,experiment_2
short_circuit_1,3093,16.84664,19.2464,short_circuit,1,short_circuit,1,100,experiment_2
short_circuit_1,3094,16.85144,19.2512,short_circuit,1,short_circuit,1,100,experiment_2
short_circuit_1,3095,16.85624,19.256,short_circuit,1,short_circuit,1,100,experiment_2
short_circuit_1,3096,16.86104,19.2608,short_circuit,1,short_circuit,1,100,experiment_2
short_circuit_1,3097,16.86584,19.2656,short_circuit,1,short_circuit,1,100,experiment_2
short_circuit_1,3098,16.87064,19.2704,short_circuit,1,short_circuit,1,100,experiment_2
short_circuit_1,3099,16.87544,19.2752,short_circuit,1,short_circuit,1,100,experiment_2
short_circuit_1,3100,16.88024,19.28,short_circuit,1,short_circuit,1,100,experiment_2
short_circuit_1,3101,16.88504,19.2848,short_circuit,1,short_circuit,1,100,experiment_2
short_circuit_1,3102,16.88984,19.2896,short_circuit,1,short_circuit,1,100,experiment_2
short_circuit_1,3103,16.89464,19.2944,short_circuit,1,short_circuit,1,100,experiment_2
short_circuit_1,3104,16.89944,19.2992,short_circuit,1,short_circuit,1,100,experiment_2
short_circuit_1,3105,16.90424,19.304,short_circuit,1,short_circuit,1,100,experiment_2
short_circuit_1,3106,16.90904,19.3088,short_circuit,1,short_circuit,1,100,experiment_2
short_circuit_1,3107,16.91384,19.3136,short_circuit,1,short_circuit,1,100,experiment_2
short_circuit_1,3108,16.91864,19.3184,short_circuit,1,short_circuit,1,100,experiment_2
short_circuit_1,3109,16.92344,19.3232,short_circuit,1,short_circuit,1,100,experiment_2
short_circuit_1,3110,16.92824,19.328,short_circuit,1,short_circuit,1,100,experiment_2
short_circuit_1,3111,16.93304,19.3328,short_circuit,1,short_circuit,1,100,experiment_2
short_circuit_1,3112,16.93784,19.3376,short_circuit,1,short_circuit,1,100,experiment_2
short_circuit_1,3113,16.94264,19.3424,short_circuit,1,short_circuit,1,100,experiment_2
short_circuit_1,3114,16.94744,19.3472,short_circuit,1,short_circuit,1,100,experiment_2
short_circuit_1,3115,16.95224,19.352,short_circuit,1,short_circuit,1,100,experiment_2
short_circuit_1,3116,16.95704,19.3568,short_circuit,1,short_circuit,1,100,experiment_2
short_circuit_1,3117,16.96184,19.3616,short_circuit,1,short_circuit,1,100,experiment_2
short_circuit_1,3118,16.96664,19.3664,short_circuit,1,short_circuit,1,100,experiment_2
short_circuit_1,3119,16.97144,19.3712,short_circuit,1,short_circuit,1,100,experiment_2
short_circuit_1,3120,16.97624,19.376,short_circuit,1,short_circuit,1,100,experiment_2
short_circuit_1,3121,16.98104,19.3808,short_circuit,1,short_circuit,1,100,experiment_2
short_circuit_1,3122,16.98584,19.3856,short_circuit,1,short_circuit,1,100,experiment_2
short_circuit_1,3123,16.99064,19.3904,short_circuit,1,short_circuit,1,100,experiment_2
short_circuit_1,3124,16.99544,19.3952,short_circuit,1,short_circuit,1,100,experiment_2
short_circuit_1,3125,17.00024,19.4,short_circuit,1,short_circuit,1,100,experiment_2
short_circuit_1,3126,17.00504,19.4048,short_circuit,1,short_circuit,1,100,experiment_2
short_circuit_1,3127,17.00984,19.4096,short_circuit,1,short_circuit,1,100,experiment_2
short_circuit_1,3128,17.01464,19.4144,short_circuit,1,short_circuit,1,100,experiment_2
short_circuit_1,3129,17.01944,19.4192,short_circuit,1,short_circuit,1,100,experiment_2
short_circuit_1,3130,17.02424,19.424,short_circuit,1,short_circuit,1,100,experiment_2
short_circuit_1,3131,17.02904,19.4288,short_circuit,1,short_circuit,1,100,experiment_2
short_circuit_1,3132,17.03384,19.4336,short_circuit,1,short_circuit,1,100,experiment_2
short_circuit_1,3133,17.03864,19.4384,short_circuit,1,short_circuit,1,100,experiment_2
short_circuit_1,3134,17.04344,19.4432,short_circuit,1,short_circuit,1,100,experiment_2
short_circuit_1,3135,17.04824,19.448,short_circuit,1,short_circuit,1,100,experiment_2
short_circuit_1,3136,17.05304,19.4528,short_circuit,1,short_circuit,1,100,experiment_2
short_circuit_1,3137,17.05784,19.4576,short_circuit,1,short_circuit,1,100,experiment_2
short_circuit_1,3138,17.06264,19.4624,short_circuit,1,short_circuit,1,100,experiment_2
short_circuit_1,3139,17.06744,19.4672,short_circuit,1,short_circuit,1,100,experiment_2
short_circuit_1,3140,17.07224,19.472,short_circuit,1,short_circuit,1,100,experiment_2
short_circuit_1,3141,17.07704,19.4768,short_circuit,1,short_circuit,1,100,experiment_2
short_circuit_1,3142,17.08184,19.4816,short_circuit,1,short_circuit,1,100,experiment_2
short_circuit_1,3143,17.08664,19.4864,short_circuit,1,short_circuit,1,100,experiment_2
short_circuit_1,3144,17.09144,19.4912,short_circuit,1,short_circuit,1,100,experiment_2
short_circuit_1,3145,17.09624,19.496,short_circuit,1,short_circuit,1,100,experiment_2
short_circuit_1,3146,17.10104,19.5008,short_circuit,1,short_circuit,1,100,experiment_2
short_circuit_1,3147,17.10584,19.5056,short_circuit,1,short_circuit,1,100,experiment_2
short_circuit_1,3148,17.11064,19.5104,short_circuit,1,short_circuit,1,100,experiment_2
short_circuit_1,3149,17.11544,19.5152,short_circuit,1,short_circuit,1,100,experiment_2
short_circuit_1,3150,17.12024,19.52,short_circuit,1,short_circuit,1,100,experiment_2
short_circuit_1,3151,17.12504,19.5248,short_circuit,1,short_circuit,1,100,experiment_2
short_circuit_1,3152,17.12984,19.5296,short_circuit,1,short_circuit,1,100,experiment_2
short_circuit_1,3153,17.13464,19.5344,short_circuit,1,short_circuit,1,100,experiment_2
short_circuit_1,3154,17.13944,19.5392,short_circuit,1,short_circuit,1,100,experiment_2
short_circuit_1,3155,17.14424,19.544,short_circuit,1,short_circuit,1,100,experiment_2
short_circuit_1,3156,17.14904,19.5488,short_circuit,1,short_circuit,1,100,experiment_2
short_circuit_1,3157,17.15384,19.5536,short_circuit,1,short_circuit,1,100,experiment_2
short_circuit_1,3158,17.15864,19.5584,short_circuit,1,short_circuit,1,100,experiment_2
short_circuit_1,3159,17.16344,19.5632,short_circuit,1,short_circuit,1,100,experiment_2
short_circuit_1,3160,17.16824,19.568,short_circuit,1,short_circuit,1,100,experiment_2
short_circuit_1,3161,17.17304,19.5728,short_circuit,1,short_circuit,1,100,experiment_2
short_circuit_1,3162,17.17784,19.5776,short_circuit,1,short_circuit,1,100,experiment_2
short_circuit_1,3163,17.18264,19.5824,short_circuit,1,short_circuit,1,100,experiment_2
short_circuit_1,3164,17.18744,19.5872,short_circuit,1,short_circuit,1,100,experiment_2
short_circuit_1,3165,17.19224,19.592,short_circuit,1,short_circuit,1,100,experiment_2
short_circuit_1,3166,17.19704,19.5968,short_circuit,1,short_circuit,1,100,experiment_2
short_circuit_1,3167,17.20184,19.6016,short_circuit,1,short_circuit,1,100,experiment_2
short_circuit_1,3168,17.20664,19.6064,short_circuit,1,short_circuit,1,100,experiment_2
short_circuit_1,3169,17.21144,19.6112,short_circuit,1,short_circuit,1,100,experiment_2
short_circuit_1,3170,17.21624,19.616,short_circuit,1,short_circuit,1,100,experiment_2
short_circuit_1,3171,17.22104,19.6208,short_circuit,1,short_circuit,1,100,experiment_2
short_circuit_1,3172,17.22584,19.6256,short_circuit,1,short_circuit,1,100,experiment_2
short_circuit_1,3173,17.23064,19.6304,short_circuit,1,short_circuit,1,100,experiment_2
short_circuit_1,3174,17.23544,19.6352,short_circuit,1,short_circuit,1,100,experiment_2
short_circuit_1,3175,17.24024,19.64,short_circuit,1,short_circuit,1,100,experiment_2
short_circuit_1,3176,17.24504,19.6448,short_circuit,1,short_circuit,1,100,experiment_2
short_circuit_1,3177,17.24984,19.6496,short_circuit,1,short_circuit,1,100,experiment_2
short_circuit_1,3178,17.25464,19.6544,short_circuit,1,short_circuit,1,100,experiment_2
short_circuit_1,3179,17.25944,19.6592,short_circuit,1,short_circuit,1,100,experiment_2
short_circuit_1,3180,17.26424,19.664,short_circuit,1,short_circuit,1,100,experiment_2
short_circuit_1,3181,17.26904,19.6688,short_circuit,1,short_circuit,1,100,experiment_2
short_circuit_1,3182,17.27384,19.6736,short_circuit,1,short_circuit,1,100,experiment_2
short_circuit_1,3183,17.27864,19.6784,short_circuit,1,short_circuit,1,100,experiment_2
short_circuit_1,3184,17.28344,19.6832,short_circuit,1,short_circuit,1,100,experiment_2
short_circuit_1,3185,17.28824,19.688,short_circuit,1,short_circuit,1,100,experiment_2
short_circuit_1,3186,17.29304,19.6928,short_circuit,1,short_circuit,1,100,experiment_2
short_circuit_1,3187,17.29784,19.6976,short_circuit,1,short_circuit,1,100,experiment_2
short_circuit_1,3188,17.30264,19.7024,short_circuit,1,short_circuit,1,100,experiment_2
short_circuit_1,3189,17.30744,19.7072,short_circuit,1,short_circuit,1,100,experiment_2
short_circuit_1,3190,17.31224,19.712,short_circuit,1,short_circuit,1,100,experiment_2
short_circuit_1,3191,17.31704,19.7168,short_circuit,1,short_circuit,1,100,experiment_2
short_circuit_1,3192,17.32184,19.7216,short_circuit,1,short_circuit,1,100,experiment_2
short_circuit_1,3193,17.32664,19.7264,short_circuit,1,short_circuit,1,100,experiment_2
short_circuit_1,3194,17.33144,19.7312,short_circuit,1,short_circuit,1,100,experiment_2
short_circuit_1,3195,17.33624,19.736,short_circuit,1,short_circuit,1,100,experiment_2
short_circuit_1,3196,17.34104,19.7408,short_circuit,1,short_circuit,1,100,experiment_2
short_circuit_1,3197,17.34584,19.7456,short_circuit,1,short_circuit,1,100,experiment_2
short_circuit_1,3198,17.35064,19.7504,short_circuit,1,short_circuit,1,100,experiment_2
short_circuit_1,3199,17.35544,19.7552,short_circuit,1,short_circuit,1,100,experiment_2
short_circuit_1,3200,17.36024,19.76,short_circuit,1,short_circuit,1,100,experiment_2
short_circuit_1,3201,17.36504,19.7648,short_circuit,1,short_circuit,1,100,experiment_2
short_circuit_1,3202,17.36984,19.7696,short_circuit,1,short_circuit,1,100,experiment_2
short_circuit_1,3203,17.37464,19.7744,short_circuit,1,short_circuit,1,100,experiment_2
short_circuit_1,3204,17.37944,19.7792,short_circuit,1,short_circuit,1,100,experiment_2
short_circuit_1,3205,17.38424,19.784,short_circuit,1,short_circuit,1,100,experiment_2
short_circuit_1,3206,17.38904,19.7888,short_circuit,1,short_circuit,1,100,experiment_2
short_circuit_1,3207,17.39384,19.7936,short_circuit,1,short_circuit,1,100,experiment_2
short_circuit_1,3208,17.39864,19.7984,short_circuit,1,short_circuit,1,100,experiment_2
short_circuit_1,3209,17.40344,19.8032,short_circuit,1,short_circuit,1,100,experiment_2
short_circuit_1,3210,17.40824,19.808,short_circuit,1,short_circuit,1,100,experiment_2
short_circuit_1,3211,17.41304,19.8128,short_circuit,1,short_circuit,1,100,experiment_2
short_circuit_1,3212,17.41784,19.8176,short_circuit,1,short_circuit,1,100,experiment_2
short_circuit_1,3213,17.42264,19.8224,short_circuit,1,short_circuit,1,100,experiment_2
short_circuit_1,3214,17.42744,19.8272,short_circuit,1,short_circuit,1,100,experiment_2
short_circuit_1,3215,17.43224,19.832,short_circuit,1,short_circuit,1,100,experiment_2
short_circuit_1,3216,17.43704,19.8368,short_circuit,1,short_circuit,1,100,experiment_2
short_circuit_1,3217,17.44184,19.8416,short_circuit,1,short_circuit,1,100,experiment_2
short_circuit_1,3218,17.44664,19.8464,short_circuit,1,short_circuit,1,100,experiment_2
short_circuit_1,3219,17.45144,19.8512,short_circuit,1,short_circuit,1,100,experiment_2
short_circuit_1,3220,17.45624,19.856,short_circuit,1,short_circuit,1,100,experiment_2
short_circuit_1,3221,17.46104,19.8608,short_circuit,1,short_circuit,1,100,experiment_2
short_circuit_1,3222,17.46584,19.8656,short_circuit,1,short_circuit,1,100,experiment_2
short_circuit_1,3223,17.47064,19.8704,short_circuit,1,short_circuit,1,100,experiment_2
short_circuit_1,3224,17.47544,19.8752,short_circuit,1,short_circuit,1,100,experiment_2
short_circuit_1,3225,17.48024,19.88,short_circuit,1,short_circuit,1,100,experiment_2
short_circuit_1,3226,17.48504,19.8848,short_circuit,1,short_circuit,1,100,experiment_2
short_circuit_1,3227,17.48984,19.8896,short_circuit,1,short_circuit,1,100,experiment_2
short_circuit_1,3228,17.49464,19.8944,short_circuit,1,short_circuit,1,100,experiment_2
short_circuit_1,3229,17.49944,19.8992,short_circuit,1,short_circuit,1,100,experiment_2
short_circuit_1,3230,17.50424,19.904,short_circuit,1,short_circuit,1,100,experiment_2
short_circuit_1,3231,17.50904,19.9088,short_circuit,1,short_circuit,1,100,experiment_2
short_circuit_1,3232,17.51384,19.9136,short_circuit,1,short_circuit,1,100,experiment_2
short_circuit_1,3233,17.51864,19.9184,short_circuit,1,short_circuit,1,100,experiment_2
short_circuit_1,3234,17.52344,19.9232,short_circuit,1,short_circuit,1,100,experiment_2
short_circuit_1,3235,17.52824,19.928,short_circuit,1,short_circuit,1,100,experiment_2
short_circuit_1,3236,17.53304,19.9328,short_circuit,1,short_circuit,1,100,experiment_2
short_circuit_1,3237,17.53784,19.9376,short_circuit,1,short_circuit,1,100,experiment_2
short_circuit_1,3238,17.54264,19.9424,short_circuit,1,short_circuit,1,100,experiment_2
short_circuit_1,3239,17.54744,19.9472,short_circuit,1,short_circuit,1,100,experiment_2
short_circuit_1,3240,17.55224,19.952,short_circuit,1,short_circuit,1,100,experiment_2
short_circuit_1,3241,17.55704,19.9568,short_circuit,1,short_circuit,1,100,experiment_2
short_circuit_1,3242,17.56184,19.9616,short_circuit,1,short_circuit,1,100,experiment_2
short_circuit_1,3243,17.56664,19.9664,short_circuit,1,short_circuit,1,100,experiment_2
short_circuit_1,3244,17.57144,19.9712,short_circuit,1,short_circuit,1,100,experiment_2
short_circuit_1,3245,17.57624,19.976,short_circuit,1,short_circuit,1,100,experiment_2
short_circuit_1,3246,17.58104,19.9808,short_circuit,1,short_circuit,1,100,experiment_2
short_circuit_1,3247,17.58584,19.9856,short_circuit,1,short_circuit,1,100,experiment_2
short_circuit_1,3248,17.59064,19.9904,short_circuit,1,short_circuit,1,100,experiment_2
short_circuit_1,3249,17.59544,19.9952,short_circuit,1,short_circuit,1,100,experiment_2
short_circuit_1,3250,17.60024,20.0,short_circuit,1,short_circuit,1,100,experiment_2
